Subnum,Q1,Q2,Q3,Q4,Q5,Q6,Q7,Q8,Q9,Q10,Q11,Q12,Q13,Q14,Q15,Q16,Q17,Q18,Q19,Q20,Q21,Q22,Q23,Q24,Q25,Q26,Q27,Q28,Q29,Q30,Q31,Q32,Q33,Q34,Q35,Q36,Q37,Q38,Q39,Q40,Q41,Q42,Q43,Q44
1,3,4,4,2,3,4,5,4,5,5,3,2,2,4,4,2,5,4,1,4,2,5,3,5,4,4,4,3,4,2,5,3,5,4,5,3,3,2,3,1,4,2,4,4
2,4,4,3,2,3,3,3,4,3,5,3,3,5,5,3,4,3,1,5,4,4,4,5,3,3,5,5,4,3,4,4,5,5,5,4,5,5,4,4,4,3,5,4,5
3,2,2,5,1,3,4,4,4,5,3,2,2,5,1,2,1,3,3,1,4,4,4,2,5,2,2,3,4,4,1,2,3,4,3,5,4,2,3,2,1,,5,2,4
4,3,3,4,4,2,4,5,2,4,4,1,2,4,2,2,4,5,4,4,3,4,5,4,4,2,1,3,2,4,4,4,4,5,3,4,3,2,2,3,3,4,4,4,4
5,2,4,4,4,4,5,3,2,1,4,1,2,4,4,4,2,2,5,5,5,4,1,4,2,4,1,5,3,2,4,5,4,4,3,2,2,1,3,4,5,4,1,2,4
6,5,2,4,1,3,3,4,4,2,4,4,2,,3,4,4,4,2,3,3,1,5,4,3,3,4,3,3,3,4,4,3,4,4,4,3,5,3,,3,4,2,4,4
7,4,3,5,3,1,3,4,4,4,5,5,2,4,4,4,3,5,1,5,2,2,5,1,4,3,2,2,2,5,1,2,4,5,5,4,4,2,2,5,3,4,5,3,5
8,1,4,4,4,2,5,3,4,4,5,3,4,5,4,5,2,3,4,1,4,5,2,2,3,2,4,3,4,5,4,3,4,2,5,4,5,2,4,5,3,3,2,4,3
9,4,4,4,3,3,3,3,2,3,4,3,4,4,4,4,3,2,1,5,4,4,4,4,2,3,4,4,5,4,5,5,4,4,3,4,5,4,4,3,4,4,3,3,3
10,4,2,5,2,4,2,4,2,4,5,5,1,4,3,2,4,4,2,2,4,2,1,2,4,5,4,1,4,4,2,2,2,4,5,4,3,5,2,4,2,4,4,4,2
11,3,3,5,4,2,2,4,2,4,4,2,1,5,5,3,3,5,5,5,5,3,5,4,5,3,1,2,2,5,3,1,4,5,4,5,5,3,2,4,5,5,5,3,2
12,2,3,5,2,4,4,4,3,3,5,3,1,5,3,5,3,5,2,4,5,5,4,1,4,5,1,5,4,5,3,5,4,4,5,4,1,2,2,5,4,5,1,3,4
13,3,2,4,1,4,3,4,2,4,5,4,2,4,3,3,3,4,1,3,4,3,4,2,4,4,3,3,2,3,3,4,4,4,4,3,2,4,2,4,4,4,2,4,3
14,2,2,3,4,5,4,3,4,1,5,5,2,3,4,5,5,4,5,5,5,4,1,3,1,5,2,5,1,3,4,5,5,4,2,3,2,1,2,3,5,5,1,4,5
15,2,2,4,2,2,3,4,2,3,4,3,1,5,3,3,3,4,1,2,2,4,4,3,3,2,3,3,4,3,4,4,4,4,3,4,4,3,2,3,3,3,2,4,4
16,4,3,4,2,3,2,4,3,2,5,4,1,5,4,3,5,3,3,3,4,2,5,3,2,3,4,4,4,4,3,5,2,5,4,4,3,5,3,4,2,5,2,5,3
17,3,3,3,3,4,4,4,4,2,3,3,1,2,4,3,5,5,4,4,1,5,4,4,1,2,3,4,5,4,5,3,5,4,2,5,5,2,4,4,2,4,2,4,5
18,4,5,4,2,4,3,3,2,3,4,4,1,4,5,4,3,4,1,5,4,3,4,2,4,3,5,4,2,3,5,3,3,4,4,4,3,4,4,4,2,4,3,3,2
19,5,4,4,3,4,2,5,3,3,3,3,1,4,3,5,4,5,4,3,3,2,4,3,3,4,5,5,2,4,4,4,2,5,5,4,4,5,1,4,3,4,4,4,4
20,3,4,3,5,5,4,4,5,4,5,2,1,3,4,5,4,5,5,3,5,4,5,4,3,5,4,2,5,3,4,2,4,5,3,5,2,2,2,4,1,5,4,2,4
21,4,2,4,1,4,3,4,2,4,4,3,2,4,4,4,3,4,2,2,4,3,4,2,4,3,4,3,4,4,4,4,4,4,4,4,3,3,4,4,2,3,3,4,3
22,3,5,5,2,3,3,3,3,4,4,3,2,5,5,3,2,2,3,3,3,3,4,3,4,3,3,3,4,4,5,5,4,3,3,5,3,4,3,4,5,2,3,3,2
23,5,2,5,1,3,3,4,2,3,3,3,1,5,2,3,3,4,2,2,4,2,5,4,3,3,3,2,2,2,3,3,2,5,3,3,3,3,2,3,2,3,2,4,4
24,2,2,5,3,4,4,5,2,5,4,1,1,5,2,3,2,4,3,1,4,5,3,4,5,3,1,1,4,4,5,4,5,2,5,5,3,2,4,3,1,4,5,3,3
25,3,3,4,3,4,3,4,2,2,5,3,1,4,4,4,3,5,1,4,4,4,4,2,3,4,3,4,2,4,2,5,4,5,4,3,3,3,2,4,4,5,2,5,3
26,5,3,5,4,4,3,5,2,4,5,4,2,5,4,4,5,5,2,4,3,2,5,2,4,4,3,4,3,5,2,4,1,5,5,5,3,5,2,5,3,4,3,5,3
27,2,3,5,3,3,5,4,1,4,2,2,2,5,3,4,3,4,1,2,2,4,4,1,5,4,4,4,4,5,3,5,5,4,5,5,5,2,1,5,4,4,1,3,1
28,3,3,4,2,4,3,4,4,3,4,2,3,4,3,3,3,4,3,2,4,2,4,3,3,3,3,3,3,4,4,4,4,4,3,4,2,3,3,3,2,3,2,4,4
29,4,2,3,2,2,1,4,3,2,4,3,1,4,4,2,3,5,2,2,3,2,4,2,4,2,5,1,3,5,4,2,1,3,5,5,5,5,3,5,1,2,3,3,2
30,4,5,5,3,4,4,5,1,3,5,3,1,5,4,5,3,5,3,3,5,4,5,1,3,5,4,5,5,5,5,5,1,5,5,5,3,4,1,5,1,5,1,5,1
31,4,4,5,4,5,2,5,2,3,5,5,2,5,3,5,5,5,2,4,5,1,4,4,4,5,4,5,2,5,4,5,2,4,4,2,4,5,3,5,4,5,2,3,4
32,3,4,3,,4,4,4,3,2,5,1,2,4,3,3,2,4,2,3,3,4,4,3,3,4,3,3,2,2,4,3,5,4,3,3,4,2,5,3,4,4,3,3,3
33,3,3,5,4,4,3,4,3,3,4,2,2,5,4,4,3,3,2,4,3,3,4,2,2,4,4,2,3,4,4,4,4,4,,3,4,3,4,4,3,4,3,4,4
34,3,2,5,5,3,5,4,3,1,3,2,2,4,5,4,3,5,3,4,4,3,3,2,3,3,4,4,4,4,4,4,2,3,3,3,5,4,3,3,4,3,3,,3
35,2,4,5,5,4,4,4,3,3,4,2,1,5,3,4,3,4,4,4,3,5,3,3,3,4,2,4,4,4,3,4,5,4,4,3,4,3,2,3,4,4,4,4,4
36,4,3,4,1,4,4,4,2,4,4,4,2,5,3,4,4,4,2,3,4,3,4,2,5,4,4,3,3,5,4,4,4,4,5,5,2,3,2,5,3,4,4,3,4
37,4,4,4,2,4,4,3,5,3,4,4,2,5,4,3,5,3,2,5,5,4,4,5,3,3,4,4,3,4,5,3,4,5,5,3,4,5,4,4,4,4,4,4,5
38,3,2,4,1,3,4,4,4,5,2,2,1,5,1,2,2,5,3,1,4,4,4,2,5,2,2,4,4,5,1,2,3,4,3,5,3,2,3,3,1,4,4,1,4
39,5,1,4,3,4,2,4,2,2,5,5,2,5,2,3,5,4,2,4,5,2,4,3,2,4,5,2,1,4,4,4,2,5,4,3,1,5,2,5,4,5,,5,4
40,3,4,2,2,4,4,2,4,1,4,2,4,4,4,2,2,3,5,5,4,3,4,4,2,3,3,5,4,4,5,4,4,3,3,1,5,4,4,4,4,3,1,4,5
41,4,4,5,1,3,4,4,2,3,5,3,1,5,4,5,4,2,4,5,5,4,2,2,3,4,4,3,2,5,4,5,4,4,5,3,3,3,4,4,4,4,1,3,2
42,2,4,5,2,4,3,4,2,1,3,2,1,4,4,4,2,3,2,5,5,3,2,2,1,3,4,2,4,3,4,4,4,3,4,2,4,3,2,5,5,3,2,3,4
43,5,3,3,1,4,1,3,3,4,4,4,2,5,2,3,4,5,2,2,4,1,5,4,4,3,2,4,1,4,2,5,1,5,5,3,2,5,1,5,2,4,1,5,2
44,4,5,5,2,4,5,2,4,5,4,3,3,4,4,1,3,2,4,4,4,1,4,4,5,4,5,1,5,5,5,2,2,4,5,5,4,4,4,5,2,2,2,4,4
45,3,4,5,2,4,,4,3,3,3,3,4,5,5,4,3,4,2,4,3,3,3,3,2,3,4,1,4,4,5,2,4,4,4,4,4,3,4,4,3,2,3,3,3
46,4,3,4,1,4,3,3,3,4,5,5,3,5,4,3,4,2,1,3,3,1,3,2,4,3,4,1,4,4,4,2,3,3,3,3,3,4,4,5,1,3,4,4,4
47,2,3,4,4,2,4,3,4,4,4,4,2,5,4,4,3,5,2,4,3,4,5,1,5,3,5,3,5,4,4,3,5,5,4,5,4,4,1,4,3,3,4,5,5
48,4,3,3,1,3,1,4,3,4,4,4,2,4,3,4,,,4,4,4,1,5,1,5,5,5,3,3,5,3,3,1,5,5,5,2,5,3,4,1,4,4,5,1
49,4,5,4,2,3,2,4,4,2,3,4,1,5,4,3,4,5,3,5,4,2,5,5,2,4,3,4,3,4,5,4,2,5,4,2,1,4,4,2,5,4,2,4,5
50,5,2,4,3,4,1,4,2,3,5,3,1,5,3,4,3,3,3,2,4,1,2,2,5,2,5,4,2,3,3,4,1,4,3,5,2,5,2,4,2,4,3,3,4
51,4,2,3,4,2,2,5,4,1,3,2,1,3,4,3,3,5,3,5,4,3,5,4,2,3,3,3,2,4,5,4,2,5,3,3,4,5,3,2,3,2,2,4,2
52,3,3,,2,2,3,4,4,3,3,3,3,3,4,3,4,4,4,4,4,4,4,2,3,3,3,3,3,4,4,4,3,4,4,4,3,4,4,4,3,3,3,4,4
53,3,2,4,3,4,2,4,4,3,5,2,2,4,5,3,4,5,3,4,4,3,2,2,3,4,3,2,4,5,2,2,3,4,5,4,2,4,3,5,2,4,5,4,2
54,3,1,4,1,4,2,5,3,5,4,5,1,4,2,4,4,5,2,1,4,2,5,3,5,4,4,3,1,4,1,4,1,5,4,5,2,4,1,4,1,4,4,5,1
55,4,4,2,4,2,3,4,2,4,3,4,3,4,3,4,3,4,3,4,3,3,4,4,2,3,4,3,3,4,3,4,3,4,2,4,3,3,4,3,4,2,4,3,4
56,2,1,5,3,5,5,5,1,3,5,4,1,5,5,5,3,5,2,3,5,5,5,4,5,4,4,3,5,5,5,3,5,5,5,4,1,3,1,4,4,5,3,3,4
57,5,4,4,3,3,3,4,5,5,5,5,5,4,4,4,5,5,5,5,5,5,5,3,3,3,2,5,5,5,5,5,5,5,5,4,4,3,3,5,5,5,5,5,5
58,4,3,4,3,4,3,4,2,4,3,4,3,4,3,4,4,4,2,2,3,3,4,2,3,3,4,3,3,4,3,4,3,2,4,3,4,3,2,4,3,4,3,4,2
59,5,4,3,5,4,4,5,3,2,4,5,3,4,5,3,4,4,5,3,5,2,4,5,3,5,4,4,5,3,4,5,4,4,3,5,2,3,4,4,5,3,4,4,3
60,1,3,5,3,3,5,2,2,4,5,3,1,5,3,3,2,1,2,4,4,5,2,1,4,3,4,3,3,5,4,4,4,3,5,4,2,1,3,5,2,3,4,3,2
61,4,2,4,2,4,2,2,4,5,3,4,3,4,2,5,5,3,2,4,3,2,5,4,3,2,5,1,2,5,3,5,3,5,3,4,4,3,4,3,4,2,4,2,4
62,4,1,4,1,4,2,4,2,2,2,4,2,4,2,2,4,4,4,1,4,4,4,1,4,4,4,4,2,4,2,4,1,4,4,4,4,,2,5,2,4,4,4,2
63,5,2,5,2,5,2,2,1,2,4,4,1,3,2,3,2,5,3,4,5,4,5,5,5,5,5,5,4,5,3,5,4,4,5,4,5,5,4,4,4,4,4,4,4
64,3,2,5,4,5,5,5,1,5,5,2,1,5,3,5,1,1,3,1,5,4,2,3,5,3,3,2,4,3,2,3,3,4,5,5,3,1,3,5,1,4,2,4,2
65,3,2,5,1,4,1,5,1,3,4,4,1,5,3,3,4,4,1,3,4,1,5,1,3,4,2,1,1,4,3,4,1,4,5,2,2,5,2,5,2,4,5,4,1
66,4,4,3,4,4,3,4,2,4,4,4,3,4,4,4,3,4,4,4,4,3,4,4,3,4,4,4,3,4,4,3,4,4,3,4,4,3,4,4,3,4,3,4,3
67,1,1,5,1,5,1,5,1,5,5,5,1,5,1,5,5,5,1,1,5,5,5,1,5,4,4,4,3,4,1,4,1,4,5,5,4,5,1,5,1,4,5,5,1
68,4,1,5,3,5,2,5,1,3,4,5,1,5,3,5,4,5,1,4,5,2,5,5,3,5,4,2,1,5,1,4,1,5,5,3,4,1,2,4,5,5,3,5,1
69,4,2,5,2,5,2,4,3,2,2,5,1,4,2,3,4,4,2,2,4,4,5,2,5,4,4,4,3,4,3,4,2,4,5,5,4,4,5,5,2,4,5,5,2
70,5,2,4,5,2,1,4,4,5,5,5,1,3,2,4,4,5,3,4,4,3,4,4,2,5,4,2,3,2,4,5,3,2,3,4,5,4,3,4,5,3,3,4,3
71,3,3,3,3,3,3,3,3,3,3,3,3,3,3,3,3,3,3,3,3,4,4,4,4,4,4,4,4,4,4,4,4,4,4,4,4,4,4,4,4,4,4,4,4
72,4,1,4,2,4,4,2,2,4,4,4,3,5,5,5,5,4,2,2,4,4,4,2,4,4,4,4,2,4,2,4,2,4,4,4,4,4,2,4,2,4,4,4,2
73,4,1,5,1,4,1,5,2,5,5,5,1,5,2,5,5,5,2,1,5,4,5,1,4,5,5,4,1,4,1,5,3,5,5,2,5,5,1,5,1,4,2,5,2
74,4,1,4,1,4,2,4,2,4,4,4,2,4,2,4,4,4,2,2,4,1,5,3,2,4,4,4,3,4,3,4,2,3,4,4,4,,3,4,2,4,3,3,2
75,4,2,4,1,4,1,4,2,4,4,4,3,4,4,1,4,4,1,1,4,1,4,1,4,4,4,4,3,4,2,4,1,5,4,2,4,5,3,3,2,4,5,4,2
76,2,4,5,1,5,3,5,5,2,5,3,5,5,3,5,2,4,4,1,5,5,2,1,1,1,3,3,1,4,2,4,2,1,4,1,1,3,1,4,1,4,2,2,4
77,2,2,5,1,4,3,2,2,4,5,5,1,4,2,4,4,5,1,1,5,4,4,1,1,5,4,2,1,5,3,3,2,4,4,4,1,3,2,4,1,5,2,4,2
78,4,4,4,4,3,4,3,4,3,4,3,2,3,3,4,3,4,4,5,5,5,4,4,3,4,3,4,4,3,4,3,4,4,3,4,3,4,4,3,4,3,4,2,4
79,3,2,5,3,5,3,5,3,4,4,4,3,4,3,5,4,4,3,3,5,5,5,3,3,3,3,3,3,5,3,3,3,4,5,4,3,3,4,5,1,4,5,5,5
80,4,1,5,2,5,4,5,2,5,4,5,1,5,3,4,5,5,1,1,5,2,5,1,4,4,5,2,3,5,4,4,5,4,4,5,5,5,2,5,2,5,4,5,1
81,5,1,1,3,5,3,3,2,5,5,5,5,5,5,3,5,5,1,1,5,5,3,1,5,5,5,5,3,3,3,5,3,5,5,5,5,5,5,5,5,5,5,5,1
82,4,3,5,1,5,5,4,4,5,5,5,1,5,3,5,5,5,1,2,5,5,5,,5,5,5,4,5,5,5,5,5,5,5,5,5,,5,5,5,5,,5,4
83,4,3,4,2,3,3,3,3,4,3,3,3,3,3,3,3,5,3,2,4,2,5,3,3,3,3,3,3,3,3,3,3,3,3,3,3,3,3,3,3,3,3,3,3
84,5,5,3,3,3,1,2,4,4,4,4,3,2,5,4,4,2,5,4,4,2,1,5,2,4,4,4,5,2,5,4,4,2,3,3,4,5,4,2,4,3,2,3,4
85,5,3,5,1,5,3,5,1,3,5,5,1,5,2,5,4,4,1,2,5,2,5,1,4,5,4,5,1,5,3,5,2,5,5,2,2,5,1,5,2,5,1,5,2
86,5,3,4,2,5,3,1,3,4,2,5,4,1,,3,5,2,4,2,2,4,3,5,3,1,4,5,5,2,1,4,5,2,1,4,5,2,2,4,5,1,4,4,1
87,5,3,5,2,5,1,4,5,3,5,5,5,5,5,5,5,4,2,2,5,1,5,4,2,2,3,2,4,2,5,3,2,3,4,1,4,4,1,5,4,5,1,5,2
88,1,2,5,1,4,2,4,1,5,4,5,1,5,1,4,5,4,1,1,5,5,4,1,5,5,3,5,4,3,1,4,2,5,5,5,4,4,1,5,1,4,2,5,2
89,4,3,4,2,4,4,4,,3,4,4,2,4,,4,4,2,2,3,4,4,4,3,4,4,3,4,4,3,2,4,2,4,3,4,3,4,3,4,4,3,4,4,3
90,5,1,3,2,3,2,3,4,3,4,3,3,4,3,4,4,3,4,4,5,3,4,4,3,4,4,3,3,4,4,4,4,3,4,3,3,3,4,3,3,3,4,3,3
91,3,3,3,3,3,3,3,3,3,3,3,3,3,3,3,3,3,3,3,3,3,3,5,4,5,4,4,5,4,5,4,5,4,5,4,5,4,5,4,5,4,5,4,5
92,2,2,5,2,5,2,5,2,5,5,5,2,5,1,4,5,5,2,3,5,4,5,2,4,2,5,5,2,5,2,5,4,5,5,3,5,5,2,5,2,5,2,4,1
93,1,3,5,2,4,5,4,2,1,5,2,3,5,5,4,2,1,1,5,5,5,1,1,1,4,2,1,4,5,5,1,5,3,5,1,5,1,3,5,5,5,5,3,3
94,4,2,4,1,4,4,4,2,4,4,4,1,4,2,3,4,4,1,1,4,3,5,1,4,4,4,4,4,4,2,4,1,4,4,4,4,4,2,4,2,4,4,4,2
95,4,2,5,3,5,4,5,1,3,4,5,1,5,4,,4,5,1,1,,4,5,1,4,4,,4,4,4,1,3,3,4,,3,5,5,5,4,,5,,5,2
96,3,4,3,2,5,4,1,2,5,5,2,1,3,3,5,3,1,2,2,4,4,,3,4,3,4,3,5,2,3,3,2,2,4,5,5,4,1,3,2,4,3,2,3
97,2,2,2,2,3,3,4,3,3,4,4,2,3,3,4,4,5,2,2,4,2,4,3,2,4,3,2,2,3,4,4,3,3,4,3,2,5,3,2,2,3,2,3,2
98,4,3,3,3,4,3,2,3,2,2,4,2,3,2,3,4,3,3,2,3,3,3,2,2,3,3,3,3,4,2,2,2,3,4,3,3,3,2,4,2,3,3,4,2
99,4,1,5,2,5,3,5,1,4,5,5,1,5,1,4,4,5,1,3,5,3,5,5,4,5,4,1,1,5,1,4,3,5,4,5,5,1,4,5,2,5,1,4,1
100,4,3,4,2,5,2,4,2,5,2,4,2,4,3,3,4,3,4,3,4,2,4,4,3,5,3,5,3,4,2,4,3,4,2,4,2,4,3,4,2,5,2,4,1
101,2,1,4,3,4,5,4,4,3,4,4,5,4,3,4,2,4,4,3,2,3,2,2,3,3,4,2,5,4,4,2,3,4,4,4,2,3,4,5,3,4,2,4,2
102,1,4,5,4,4,5,3,2,4,4,2,1,5,4,5,3,4,3,5,5,5,1,2,3,4,1,5,4,5,4,5,4,5,5,4,2,1,1,5,4,4,1,2,2
103,4,2,5,2,4,1,5,3,4,2,4,2,4,3,2,4,4,3,2,4,2,3,2,4,3,2,4,3,3,2,3,4,2,3,4,4,4,3,5,2,3,4,3,2
104,2,2,,4,,4,,5,4,5,3,2,5,5,5,4,4,4,4,4,5,5,4,2,3,3,4,4,4,3,4,5,5,4,3,4,4,2,2,4,3,3,3,4
105,4,3,3,3,4,2,2,4,3,2,4,4,4,4,4,4,4,4,4,3,5,5,4,4,4,3,4,3,3,3,4,2,3,3,4,2,4,4,4,3,4,4,4,4
106,4,3,4,3,4,2,4,3,2,3,4,3,3,3,3,3,3,3,3,4,2,4,3,4,4,4,4,4,4,4,4,4,4,4,4,4,3,2,4,2,4,4,4,3
107,4,2,5,,4,4,3,3,4,3,5,4,5,3,5,4,5,2,3,5,4,4,2,5,5,3,5,4,3,2,3,4,3,3,4,5,4,1,4,2,2,4,4,4
108,4,1,4,1,4,4,1,2,4,4,4,2,4,2,2,5,5,2,1,4,4,4,1,4,4,4,4,2,4,2,4,2,4,4,4,4,4,2,3,2,4,4,4,1
109,3,3,4,3,4,3,4,2,3,4,4,3,4,4,3,4,4,3,3,4,3,4,3,3,4,4,4,3,4,4,4,3,4,4,4,3,3,3,4,3,4,4,4,3
110,4,4,3,,4,3,3,2,4,3,3,4,3,3,4,3,2,4,3,2,4,2,4,4,4,3,3,3,,2,3,4,3,3,4,2,4,3,4,3,4,4,2,4
111,4,4,4,4,4,3,4,4,3,4,5,5,5,4,4,5,5,4,2,4,3,4,3,4,4,4,4,4,4,4,4,4,4,4,4,4,4,4,4,4,4,4,4,4
112,2,4,2,2,2,3,2,4,4,2,2,4,4,3,2,3,2,2,2,1,2,3,4,3,3,2,3,3,3,2,4,4,3,2,2,4,4,3,2,2,4,4,2,2
113,5,4,4,4,4,4,3,4,3,4,3,3,4,4,3,4,3,4,3,4,4,3,4,4,4,4,3,4,5,4,4,4,4,4,5,3,4,4,5,3,4,3,3,4
114,4,2,5,1,4,3,4,2,4,4,,1,5,1,4,4,4,1,1,4,2,1,1,5,4,4,3,1,5,1,3,1,4,5,2,4,2,1,4,1,3,4,5,1
115,2,3,4,3,2,4,4,1,2,3,2,1,5,4,3,1,1,3,5,3,5,1,2,2,2,1,1,5,4,4,2,5,4,4,2,5,1,3,5,5,4,4,2,3
116,2,3,4,3,5,5,5,1,3,4,3,1,4,2,3,3,5,2,4,5,4,5,2,3,4,3,4,2,5,3,5,3,5,5,3,3,2,1,4,2,4,1,4,3
117,5,5,5,4,4,1,1,3,2,5,4,3,4,4,5,4,1,4,5,5,4,3,2,1,3,3,4,4,4,1,5,2,,5,1,5,5,5,5,5,5,4,5,2
118,4,3,4,5,4,5,4,5,2,3,4,4,3,4,2,3,4,5,4,3,2,4,4,4,3,4,4,4,4,3,4,3,4,4,5,4,3,4,4,5,4,3,4,3
119,,3,4,5,5,1,5,5,1,5,5,3,5,5,5,4,5,1,5,5,1,5,5,5,2,3,5,5,1,1,5,5,5,4,1,5,5,,5,5,5,5,,5
120,4,2,4,3,4,3,4,4,3,4,4,3,4,3,4,3,3,3,,4,4,4,3,4,4,4,5,4,4,3,4,5,5,5,5,4,4,4,5,1,5,5,5,1
121,5,5,5,3,4,2,3,4,4,4,4,4,4,3,5,5,4,2,2,4,3,5,2,3,3,3,2,3,5,4,4,4,4,5,,,,5,5,2,5,4,4,2
122,5,2,3,2,4,4,2,4,3,4,5,4,4,3,5,4,5,3,2,4,2,4,4,5,3,2,4,4,4,3,5,3,4,5,3,5,4,3,5,4,3,4,4,4
123,4,5,4,3,4,4,5,4,3,4,3,2,4,4,5,4,3,3,2,4,5,4,4,5,4,3,4,4,2,1,4,5,5,4,3,1,4,5,4,4,2,3,5,5
124,4,4,3,3,5,4,1,2,3,3,5,4,4,4,4,5,5,3,2,5,4,4,2,3,4,2,4,4,5,4,4,2,3,4,4,2,4,2,5,3,5,3,4,2
125,5,3,1,2,4,5,3,5,5,2,1,3,4,2,3,5,4,2,3,5,,4,4,4,2,4,5,4,3,1,3,5,4,1,2,1,3,4,2,3,4,2,4,4
126,5,2,5,3,4,4,5,4,4,4,4,4,4,4,4,4,3,4,3,5,5,5,2,5,4,5,4,,4,4,4,3,4,4,4,4,3,4,4,4,4,4,4,4
127,3,4,3,2,3,3,4,2,3,3,2,3,2,3,2,4,3,2,3,4,2,4,4,3,3,4,3,3,3,3,3,4,3,3,4,3,4,3,2,4,3,4,3,4
128,3,2,4,3,4,3,3,4,3,4,2,1,4,5,4,3,4,4,5,5,4,4,4,4,4,3,2,4,3,5,4,4,3,3,4,2,2,4,4,5,2,4,4,3
129,3,4,3,1,4,4,4,4,4,5,5,2,5,4,2,4,5,4,2,5,1,5,4,5,3,2,1,5,1,4,1,5,4,5,4,4,2,3,2,4,3,5,3,4
130,4,3,4,4,3,4,4,4,3,4,4,2,5,5,4,3,3,5,3,4,2,4,2,3,4,4,5,4,4,5,5,4,3,4,2,4,3,4,3,4,3,4,5,1
131,3,4,5,2,4,4,5,4,3,3,3,1,5,4,4,4,5,3,4,4,3,4,3,4,4,2,1,4,2,5,2,5,4,5,4,4,2,4,2,4,2,5,3,4
132,4,3,4,1,2,4,4,4,4,4,4,1,4,4,3,5,4,4,1,2,4,5,4,4,2,1,1,2,3,4,5,5,2,4,5,4,1,5,4,3,2,5,5,4
133,2,3,3,4,4,5,4,3,3,3,2,1,2,4,4,2,2,2,4,4,4,2,5,3,4,1,4,2,4,4,4,4,4,3,2,2,2,3,4,4,2,4,4,4
134,4,4,5,2,4,2,4,3,5,5,2,2,4,2,4,4,3,5,2,4,3,3,4,4,4,4,2,5,2,3,2,5,5,4,4,5,3,3,3,4,4,5,4,4
135,4,5,3,4,3,4,2,1,3,4,3,2,4,4,4,5,2,1,4,4,3,4,3,1,3,4,3,2,4,4,4,5,4,3,4,3,4,3,4,3,3,4,2,2
136,2,3,4,2,4,4,5,2,4,5,4,1,5,2,5,3,4,2,1,4,4,4,2,5,4,4,3,5,3,4,4,4,4,5,4,4,1,4,1,5,4,4,4,3
137,1,1,1,1,1,1,1,1,1,1,1,1,1,1,1,1,1,1,1,1,1,1,1,1,1,1,1,1,1,1,1,1,1,1,1,1,1,1,1,1,1,1,1,1
138,2,5,5,4,4,2,2,1,2,4,4,1,5,4,4,4,2,1,4,3,4,5,1,4,2,5,2,5,5,4,4,5,5,4,3,4,2,5,1,4,2,4,2,4
139,4,4,4,4,2,2,4,4,3,5,2,4,4,4,4,2,2,5,2,4,2,4,5,4,4,4,2,2,4,4,2,2,4,3,4,3,5,2,2,5,4,4,5,2
140,5,4,5,1,3,3,5,1,5,5,5,1,5,1,4,5,3,2,1,3,3,5,2,5,4,4,3,5,1,3,4,5,5,5,4,5,2,5,2,4,2,5,2,1
141,1,3,4,1,3,5,5,5,4,5,4,1,5,1,4,5,4,2,1,5,5,5,4,5,3,2,4,5,1,2,3,5,4,4,5,4,1,4,1,4,4,5,3,4
142,2,4,5,5,3,5,5,2,1,4,1,1,5,5,4,2,4,1,5,4,5,3,2,1,4,1,3,4,4,5,5,5,5,1,5,1,1,5,5,4,1,5,5,4
143,5,4,5,2,4,5,5,2,2,5,5,2,5,5,5,5,4,2,5,4,2,4,1,2,2,2,4,5,4,5,2,5,4,4,4,5,1,5,2,5,2,5,2,2
144,4,1,5,1,5,4,5,1,5,5,4,1,5,2,4,5,5,4,1,2,4,5,1,5,5,5,4,5,4,4,3,5,5,5,1,4,4,4,1,5,4,4,4,2
145,2,3,4,1,4,4,4,3,3,4,4,1,5,3,3,4,4,2,4,3,4,3,1,3,3,4,2,4,4,3,4,4,4,2,4,3,4,4,3,4,5,4,4,1
146,2,2,5,1,3,4,3,1,4,4,2,1,5,2,5,3,3,2,1,2,4,4,2,5,4,2,1,4,2,2,4,5,4,5,2,2,2,4,4,3,3,5,2,3
147,3,3,4,1,4,4,5,3,4,3,2,1,5,4,3,3,3,2,4,5,4,4,2,3,4,2,2,4,2,4,4,4,3,3,5,2,2,4,2,5,5,2,4,4
148,4,2,5,2,2,3,5,4,3,4,4,1,4,4,3,2,5,4,5,4,5,5,4,5,2,1,4,5,5,4,5,5,4,4,4,4,4,3,5,4,2,4,5,4
149,4,3,4,3,3,3,5,4,4,4,4,3,3,3,4,4,3,3,3,3,4,4,3,3,3,3,3,5,5,4,2,4,4,3,4,3,4,5,2,4,3,4,4,3
150,3,5,4,4,2,2,5,4,2,5,3,1,5,3,3,3,2,1,5,3,3,2,3,4,3,4,1,2,4,5,2,5,4,2,2,5,4,4,2,5,2,5,2,4
151,1,2,5,2,4,4,2,2,2,4,2,1,5,3,3,2,4,4,1,4,3,4,2,4,3,3,4,2,3,5,4,4,5,5,1,4,4,4,2,5,1,5,4,3
152,4,1,4,4,3,3,4,3,3,4,4,2,4,4,2,5,4,2,2,4,3,4,4,4,4,2,2,4,2,3,3,4,4,3,2,4,3,4,3,4,2,4,2,4
153,4,5,5,5,4,3,2,4,4,5,4,3,5,5,4,4,1,4,5,4,4,4,4,2,5,2,4,4,5,4,4,2,3,2,4,5,5,4,4,4,2,4,4,4
154,4,4,4,2,5,5,3,5,2,5,3,2,2,4,4,2,2,5,4,5,4,4,5,2,5,4,3,5,5,5,4,2,2,4,4,4,4,4,4,4,2,2,5,2
155,3,4,4,3,4,4,3,3,3,2,2,3,5,3,4,2,4,4,3,3,3,4,4,2,4,5,3,2,2,4,4,3,4,4,2,2,4,5,2,4,1,3,2,2
156,3,2,4,2,2,4,4,4,3,4,4,2,4,4,3,3,5,5,4,1,5,5,4,3,2,3,2,4,4,4,4,5,4,4,4,3,4,5,4,3,2,5,5,3
157,4,5,5,3,5,4,5,1,5,5,5,1,5,3,5,5,5,1,5,5,5,5,5,4,5,2,5,5,1,5,5,5,5,1,1,5,5,5,5,5,1,5,5,5
158,3,4,5,2,2,4,4,4,2,4,4,2,5,4,3,1,2,1,4,5,3,2,5,5,2,2,4,5,4,4,4,4,4,4,4,4,1,4,4,4,4,4,5,1
159,4,4,4,2,5,2,4,2,4,5,4,2,5,2,4,4,4,2,4,4,2,4,2,2,4,5,2,4,4,5,2,4,5,4,2,5,2,4,4,5,2,4,2,5
160,2,3,5,1,4,4,4,1,2,4,4,1,5,4,4,4,4,1,3,4,4,5,2,4,3,2,1,5,1,4,4,5,5,4,3,3,3,4,3,4,4,5,3,2
161,4,4,4,5,5,2,5,2,2,5,4,1,5,4,3,4,5,5,5,5,2,4,5,2,4,4,1,5,5,5,4,2,5,1,2,5,4,4,5,5,5,4,4,2
162,4,4,4,3,4,2,2,4,1,5,1,4,4,5,5,4,4,4,5,3,2,5,5,1,4,4,3,4,5,5,4,2,3,1,4,4,4,3,5,4,2,4,4,4
163,3,2,5,2,4,4,4,1,2,5,4,1,5,5,4,4,5,1,5,4,4,5,2,4,4,1,2,5,2,5,5,5,5,2,3,4,3,5,5,5,2,4,2,4
164,2,2,4,2,4,5,4,4,2,5,1,2,4,2,5,2,5,5,5,5,5,4,5,4,4,2,4,4,5,4,5,5,4,1,4,2,4,4,5,5,2,2,5,5
165,3,2,5,1,4,4,5,2,4,5,5,1,5,3,5,5,5,1,2,5,4,5,4,4,5,2,1,5,3,5,4,5,5,4,4,5,1,5,4,5,1,5,4,2
166,2,3,5,2,1,5,5,4,3,5,3,1,4,5,5,3,5,4,5,1,4,4,4,3,1,2,4,5,3,4,4,5,3,3,5,2,2,4,5,4,2,5,3,4
167,3,3,4,3,5,4,3,4,3,5,3,2,5,4,5,3,2,2,3,5,4,3,1,2,4,5,4,5,5,5,4,3,4,4,2,3,4,5,3,5,1,2,4,3
168,4,3,5,1,5,2,5,2,5,4,4,1,5,3,5,4,4,1,5,3,2,5,1,4,2,5,1,5,2,5,4,3,5,2,3,4,3,5,5,4,1,5,1,4
169,5,3,3,2,5,2,3,4,3,5,5,2,3,2,4,5,2,2,3,5,2,2,4,3,5,5,2,3,4,5,1,5,5,3,1,5,2,4,1,5,1,4,5,4
170,4,3,5,1,4,2,4,3,4,4,4,1,5,3,3,4,4,1,4,4,2,4,2,3,2,4,2,4,4,4,3,5,4,2,3,4,4,4,4,4,2,4,3,2
171,5,1,4,3,2,4,5,4,5,5,3,1,4,2,4,4,5,3,4,3,4,5,4,5,2,1,1,3,1,4,5,5,4,4,4,3,3,4,4,4,3,5,4,1
172,4,2,4,1,2,2,4,5,4,4,4,3,5,4,2,4,4,2,4,4,2,4,5,4,4,4,4,2,4,5,2,4,5,4,4,5,4,4,1,4,4,4,5,2
173,5,4,5,2,5,2,5,2,5,5,4,2,5,4,5,4,4,1,5,5,1,5,1,4,4,2,4,5,4,5,1,5,5,5,5,5,4,5,1,5,1,5,4,4
174,5,2,5,1,4,2,4,2,4,3,4,1,5,1,2,4,4,2,2,4,2,5,2,4,2,4,1,4,4,2,2,4,5,3,4,5,3,4,2,1,2,4,4,1
175,5,4,5,2,4,3,5,4,4,4,5,2,5,5,3,4,4,3,4,4,4,5,3,4,4,5,2,3,2,3,3,4,4,4,5,5,4,4,2,5,4,4,2,2
176,3,1,5,1,5,2,5,1,5,5,5,1,5,1,5,5,5,3,2,5,2,5,2,5,5,3,2,4,1,5,2,5,4,5,2,4,1,4,1,5,1,5,3,5
177,3,4,4,3,5,4,4,4,2,5,4,3,5,5,5,3,2,1,5,5,5,4,4,3,5,4,3,3,4,5,4,5,4,3,5,3,4,2,5,4,1,2,5,4
178,2,3,2,4,2,4,4,4,4,4,2,2,5,4,2,2,5,4,4,4,4,4,5,2,4,4,2,4,4,5,4,5,5,1,4,4,5,1,3,4,1,4,5,4
179,2,2,2,3,5,4,4,4,5,4,1,1,2,4,4,4,4,5,2,4,4,5,4,4,4,1,1,2,2,5,4,4,2,4,1,2,1,1,5,5,1,5,4,2
180,5,4,5,3,4,4,4,4,2,5,4,4,5,4,4,4,4,5,5,4,2,4,4,2,4,5,1,4,5,4,4,5,5,4,4,4,1,4,5,4,4,4,5,4
181,5,1,4,2,5,4,5,3,5,5,3,3,5,3,5,5,5,1,4,5,2,1,4,5,5,3,5,4,1,5,2,5,5,2,5,5,2,2,2,5,1,5,4,5
182,4,3,4,2,4,3,4,4,4,5,4,1,4,3,3,3,4,3,2,4,3,4,3,4,3,3,3,4,4,3,3,5,4,4,3,4,4,4,2,4,4,4,3,3
183,5,4,4,1,4,4,2,4,2,5,5,4,4,5,3,5,2,2,5,5,4,5,2,2,4,4,3,4,5,3,5,2,4,2,4,5,4,5,5,4,2,5,5,2
184,5,1,5,1,5,1,5,4,3,5,3,4,4,1,3,4,4,2,3,5,1,4,1,5,4,5,3,5,3,4,4,5,5,4,2,4,4,5,4,4,3,5,4,2
185,2,5,5,3,2,4,4,4,1,5,2,2,5,5,5,3,1,1,5,2,5,1,4,2,3,2,4,5,4,4,5,2,5,1,5,2,4,5,5,1,4,5,4,5
186,3,4,4,3,3,5,4,2,2,3,4,4,5,5,4,3,3,1,4,5,5,4,2,2,2,3,5,5,5,4,5,5,4,2,4,2,1,5,5,4,2,3,2,4
187,4,3,5,1,5,2,5,2,5,5,5,1,5,1,5,5,4,1,1,5,5,5,1,5,5,5,1,5,1,5,1,4,5,5,1,4,1,5,1,5,5,5,1,5
188,5,5,5,4,5,2,5,2,2,5,5,2,5,2,5,5,5,2,2,3,3,5,1,5,5,5,2,5,2,5,1,5,5,5,1,4,1,5,2,4,4,5,1,3
189,5,3,3,1,4,2,4,4,2,4,2,2,4,4,4,4,3,2,4,4,1,4,4,2,3,5,4,2,4,3,3,5,4,3,3,5,2,2,2,4,2,5,5,2
190,3,3,4,3,5,4,4,4,4,5,5,3,5,4,5,5,4,3,3,5,4,5,2,4,3,4,3,5,3,5,4,5,5,5,5,4,2,5,3,5,5,4,3,5
191,3,1,5,4,5,4,5,5,5,5,3,1,5,2,5,5,3,4,4,3,2,1,4,1,5,4,4,5,2,5,2,5,5,5,1,4,1,2,1,5,1,3,4,4
192,4,2,5,2,3,3,4,2,3,3,4,2,4,2,3,4,4,1,2,3,3,5,2,2,3,3,3,4,4,4,3,4,5,3,4,4,2,3,3,4,2,5,3,2
193,4,5,4,4,4,5,5,5,2,5,2,2,5,4,5,5,4,5,5,5,5,5,5,5,5,4,4,4,4,5,4,5,5,4,2,2,4,1,5,5,1,5,4,5
194,4,2,4,1,4,4,5,3,5,5,4,3,4,4,3,4,5,4,5,4,4,5,4,5,5,4,2,4,2,4,4,5,4,4,5,4,4,4,5,4,4,5,2,4
195,3,3,4,4,3,4,4,3,2,4,2,1,5,4,4,2,4,3,5,4,4,3,3,3,3,2,2,4,4,5,5,4,4,3,4,2,1,4,5,4,1,4,3,4
196,4,3,4,4,4,4,4,4,4,5,4,1,5,4,4,4,2,4,5,5,3,2,5,4,5,4,4,2,4,5,4,4,5,5,4,2,2,2,4,5,4,5,5,3
197,4,2,4,1,4,4,5,3,5,5,3,2,4,2,5,3,5,4,2,5,4,4,4,5,4,4,3,3,2,3,2,4,4,5,3,2,1,4,1,5,3,4,4,3
198,2,4,4,4,3,4,4,3,3,4,3,1,4,4,4,2,4,2,4,3,4,4,2,4,3,2,3,4,3,3,4,4,2,2,3,2,2,4,4,5,3,4,3,3
199,5,3,4,2,2,2,4,2,4,5,4,1,5,4,3,3,4,2,4,4,3,1,2,3,2,4,2,3,4,4,4,4,4,4,3,3,2,3,3,4,2,5,4,3
200,3,2,4,4,4,3,4,3,1,5,3,2,5,4,5,3,5,4,4,4,3,5,4,5,4,2,2,3,3,5,4,3,4,1,4,3,4,4,3,5,2,5,2,4
201,4,2,5,2,5,4,4,2,4,4,4,2,5,4,5,4,4,1,5,5,4,4,2,5,4,4,2,5,2,4,4,4,5,4,4,4,4,5,4,4,4,5,2,3
202,1,2,1,4,1,5,2,5,2,4,1,1,4,4,5,1,5,5,3,1,5,5,5,2,1,1,5,2,5,3,5,5,2,2,4,1,4,4,4,5,2,2,4,4
203,4,2,4,1,5,2,4,5,5,5,5,1,5,2,5,5,5,4,2,5,2,5,2,5,5,4,4,5,2,4,3,5,5,5,2,4,4,4,4,5,1,4,5,3
204,2,5,3,4,5,4,4,4,4,4,2,2,4,5,4,2,4,4,4,5,5,5,1,2,4,2,4,2,4,4,5,5,5,3,2,4,1,2,4,5,1,5,4,4
205,2,3,4,3,3,5,2,2,3,3,3,1,5,3,3,2,4,2,3,4,4,4,4,2,4,2,4,4,4,5,4,4,3,2,3,3,2,5,4,4,4,3,4,4
206,5,3,5,1,4,3,4,2,4,4,5,2,5,4,3,5,3,1,4,4,2,5,3,3,4,4,2,5,2,1,2,4,5,5,3,5,4,5,3,3,4,5,2,1
207,3,2,4,2,3,5,4,3,2,4,3,1,5,4,3,2,2,2,4,4,4,5,3,3,2,2,4,4,4,2,4,4,4,2,4,4,3,4,4,4,4,4,2,2
208,2,1,5,4,2,4,5,4,3,5,2,1,5,4,1,3,5,2,2,4,4,5,4,2,4,1,1,5,5,4,4,5,3,3,3,4,1,4,3,3,1,5,4,2
209,5,1,3,2,4,3,5,4,2,5,4,1,4,3,4,5,5,2,3,4,1,5,4,4,3,5,3,3,1,4,1,5,4,5,3,4,1,4,2,5,1,5,3,4
210,2,1,4,2,3,4,3,2,4,3,3,1,4,3,3,2,4,2,2,3,4,4,4,4,2,4,2,4,2,4,3,3,4,4,3,3,2,4,2,3,2,4,3,1
211,2,2,3,1,4,5,3,4,3,4,4,1,4,4,5,3,5,2,4,5,5,3,4,5,4,1,2,4,3,5,5,5,4,4,4,1,2,4,5,3,1,3,4,4
212,5,2,4,4,5,1,3,2,1,5,2,4,3,4,5,4,2,5,4,3,2,4,4,1,5,5,4,1,5,4,2,4,2,4,1,4,1,2,2,5,2,4,1,4
213,5,3,5,1,5,2,4,3,4,5,5,3,5,4,5,5,4,4,2,5,2,2,1,5,4,4,2,5,2,5,2,5,4,4,2,5,1,5,4,5,1,4,4,5
214,5,2,3,4,3,4,4,4,2,5,4,2,4,4,2,3,5,5,5,4,4,4,4,1,3,4,2,3,5,4,5,4,2,2,4,4,3,2,4,3,1,5,5,4
215,4,3,4,2,4,3,3,5,4,5,4,2,3,4,3,4,5,4,4,3,4,4,4,5,3,4,4,4,4,5,4,2,3,5,4,4,4,4,3,3,4,2,5,3
216,3,5,5,2,5,4,3,4,5,5,3,1,5,2,5,3,5,4,1,5,4,5,3,4,4,3,4,5,1,5,4,5,4,5,1,5,4,5,4,5,2,3,5,5
217,3,3,4,3,3,4,4,4,4,5,3,2,4,4,4,2,4,2,1,4,4,4,2,4,4,3,4,4,3,4,4,3,4,4,3,3,4,5,2,5,2,3,2,3
218,2,2,4,3,3,2,3,3,4,5,2,2,3,3,3,3,4,2,4,5,4,3,2,4,4,3,3,4,2,5,2,3,4,5,3,3,4,3,2,4,1,3,4,3
219,2,3,3,4,2,5,5,3,1,5,4,2,4,5,3,2,5,2,5,5,5,5,4,1,3,1,1,5,5,5,5,4,3,3,4,2,2,2,5,4,1,5,3,5
220,4,4,5,4,4,5,2,1,3,5,2,1,5,4,5,2,4,1,4,5,5,2,2,4,2,2,2,5,4,5,5,5,5,4,4,2,1,4,2,5,1,5,3,5
221,4,4,4,4,5,4,5,4,4,4,5,3,4,4,5,5,4,2,5,4,4,4,3,4,5,4,4,4,3,4,5,4,5,4,4,3,2,5,5,4,4,3,5,4
222,5,3,4,1,5,4,4,4,5,5,4,1,5,3,4,4,3,1,1,5,3,2,2,5,5,4,1,5,3,5,4,5,5,5,4,5,1,4,2,4,4,4,5,4
223,4,2,5,2,4,5,5,1,2,5,3,1,5,4,4,4,5,4,3,4,5,5,1,5,4,4,1,5,4,2,5,5,4,4,2,3,2,4,2,4,5,5,4,2
224,4,3,5,1,4,4,5,2,4,4,5,1,5,4,3,5,4,3,4,4,3,5,3,4,4,4,1,5,3,3,4,5,5,4,5,4,3,5,4,4,3,5,2,3
225,2,4,3,4,5,3,4,2,3,5,4,3,5,4,5,2,4,5,4,4,2,5,4,4,2,4,3,4,4,4,4,4,4,5,2,5,3,4,2,5,3,4,2,4
226,4,1,5,2,4,2,5,4,4,5,5,3,5,4,5,5,5,1,3,5,4,5,1,5,5,5,1,5,4,5,4,5,5,5,5,5,4,5,4,5,3,5,4,4
227,2,4,5,3,3,5,5,1,2,5,3,3,5,4,5,2,3,2,3,5,5,5,2,2,3,3,3,5,2,2,5,4,5,3,5,2,3,5,3,4,2,3,5,2
228,5,4,4,2,4,2,4,1,2,5,4,2,4,5,3,2,4,1,2,5,2,4,4,2,4,4,2,4,4,5,4,4,1,4,2,2,1,4,5,4,1,4,5,5
229,1,1,3,4,4,4,3,1,5,5,1,3,3,1,2,2,4,1,2,4,3,3,1,1,4,4,1,4,4,5,1,1,4,3,4,4,2,3,4,4,4,2,2,3
230,1,2,4,2,4,4,4,3,3,4,2,2,4,4,4,2,4,4,3,4,5,5,5,4,4,3,2,4,3,4,4,5,3,2,4,2,4,2,5,4,2,4,4,4
231,4,3,4,2,3,2,4,4,4,4,4,4,5,3,4,4,4,4,2,4,2,4,3,4,3,4,2,5,2,2,2,4,5,4,4,4,4,5,2,3,4,4,5,2
232,3,2,4,4,4,4,4,3,4,4,3,2,4,4,4,3,4,1,4,4,4,4,4,4,4,4,4,5,4,4,4,4,4,4,4,4,1,4,4,4,4,5,2,4
233,2,4,5,4,5,4,5,2,2,5,4,2,5,4,4,4,4,2,2,5,3,5,4,4,5,4,4,5,4,2,4,5,5,4,5,4,2,4,2,5,5,4,2,4
234,3,3,5,1,4,2,5,5,4,5,4,1,5,4,4,4,2,1,1,5,2,1,1,5,3,4,4,4,3,4,2,4,5,5,2,4,2,5,1,4,1,5,3,5
235,2,3,4,2,3,4,4,2,5,5,3,1,4,4,3,4,2,2,3,4,4,4,3,5,3,3,2,4,4,5,5,5,4,4,3,3,4,5,3,4,3,3,3,3
236,1,5,4,5,2,5,4,3,1,5,1,1,5,4,3,1,2,3,5,3,5,5,5,4,2,1,5,4,2,4,5,4,4,4,4,1,4,2,5,4,3,5,5,4
237,5,3,5,1,5,1,4,3,3,4,4,2,5,4,2,5,5,4,5,5,2,4,3,3,5,5,1,4,3,5,2,5,5,4,3,5,2,4,5,4,1,5,4,5
238,2,4,5,1,4,4,5,4,5,5,4,1,5,5,5,2,5,1,4,4,4,5,1,5,4,2,2,3,2,2,4,5,5,5,5,2,1,2,2,4,4,4,2,1
239,2,3,4,4,4,3,4,3,2,4,2,1,4,5,3,3,4,5,5,4,4,3,4,2,3,1,3,4,4,5,4,4,2,2,3,3,2,4,5,5,1,3,4,4
240,4,3,3,3,4,4,2,4,3,1,3,3,5,4,3,3,3,2,4,3,3,3,2,2,3,4,4,5,4,4,4,3,3,2,4,4,2,2,4,4,2,3,4,4
241,4,2,5,1,4,5,5,2,1,4,4,1,5,5,3,4,4,1,5,4,5,4,2,4,4,2,2,4,4,4,5,5,5,1,5,4,1,5,4,5,3,5,3,1
242,3,2,4,2,4,4,4,4,2,4,3,2,4,5,3,4,2,2,5,4,4,4,2,4,4,4,2,4,3,4,4,4,4,4,4,4,3,4,4,4,2,4,4,2
243,4,4,5,4,4,5,4,4,4,5,4,2,5,4,5,4,4,1,5,4,4,5,2,4,4,4,4,5,5,5,5,4,4,4,5,4,4,4,5,5,2,4,2,4
244,5,2,4,2,5,2,5,4,3,5,5,4,5,2,4,5,1,2,4,5,1,5,4,4,5,5,2,2,5,4,1,4,5,2,3,5,4,4,2,3,2,3,1,4
245,4,4,4,2,4,3,4,3,4,5,5,4,5,3,4,4,3,2,1,4,3,3,2,4,4,4,2,4,2,4,2,3,4,4,1,4,2,4,2,4,2,4,4,2
246,4,4,5,2,4,2,5,2,2,5,2,1,5,3,4,4,1,3,4,4,2,4,3,2,4,3,3,4,4,4,2,5,5,4,4,4,3,5,2,5,2,3,4,5
247,5,5,5,1,5,4,5,1,5,5,5,4,5,1,5,5,5,1,1,5,4,5,1,5,5,1,5,3,5,5,5,3,5,5,5,5,1,5,5,5,4,5,1,5
248,2,4,5,4,3,5,5,4,2,3,3,1,5,4,4,4,4,2,4,4,4,5,3,2,5,3,3,4,4,3,4,4,5,2,5,3,5,4,2,4,4,5,3,4
249,5,4,5,1,4,1,4,1,4,5,5,1,5,2,3,5,5,4,4,5,1,4,3,4,4,2,1,4,1,4,1,5,5,2,3,5,1,4,2,4,4,5,4,4
250,4,1,4,1,4,1,4,4,4,4,5,1,5,4,2,4,5,4,5,2,1,5,3,5,3,1,1,4,4,3,4,5,3,3,5,5,1,2,4,4,2,5,5,4
251,4,5,5,4,4,4,5,3,4,5,3,1,4,4,4,4,4,3,4,4,3,5,5,5,5,4,4,5,2,3,3,5,4,5,5,4,4,5,2,4,5,3,2,4
252,4,1,4,2,4,2,5,4,4,5,5,1,4,4,5,5,5,4,1,5,4,4,1,5,4,2,3,3,1,3,1,5,5,5,4,4,1,5,2,4,5,4,1,4
253,3,1,5,1,5,1,5,1,5,5,5,1,5,4,4,5,5,1,1,5,1,5,1,5,5,3,1,5,1,5,1,5,5,5,4,5,1,5,1,5,5,5,1,5
254,2,1,4,1,4,3,4,3,4,4,2,3,5,3,2,4,3,4,4,4,4,5,3,4,3,3,2,5,2,3,4,4,4,4,3,4,1,4,1,4,4,4,3,2
255,3,3,3,3,4,4,4,3,2,4,4,3,3,5,2,3,3,4,5,5,2,3,2,3,4,4,3,4,3,5,4,5,4,2,3,5,3,4,4,3,4,4,4,5
256,4,4,4,1,3,4,5,3,4,4,4,4,4,4,3,4,4,2,4,3,2,4,3,4,4,4,2,5,2,4,2,5,5,4,4,4,1,5,2,4,4,4,2,4
257,4,4,5,2,5,2,4,5,2,5,5,4,5,5,3,4,2,3,5,4,1,4,1,2,5,5,4,5,5,3,2,3,5,3,1,4,4,5,4,5,4,5,2,2
258,2,4,4,1,3,4,4,4,4,5,4,1,4,4,4,3,4,2,2,5,5,4,5,4,4,2,4,4,4,4,5,4,4,4,5,4,1,5,4,5,2,5,2,4
259,3,2,5,1,5,4,5,3,5,5,4,1,5,2,4,4,5,1,1,5,3,5,3,5,4,2,2,4,1,5,4,5,4,5,1,5,1,3,3,5,1,5,5,5
260,3,3,4,3,3,4,3,4,2,4,3,3,5,4,4,2,3,4,4,3,5,4,3,5,4,2,3,3,4,5,4,4,3,2,2,2,4,3,3,4,2,4,4,4
261,2,4,5,4,3,4,3,4,4,4,3,1,4,4,3,4,3,2,4,5,5,4,2,2,3,2,3,4,4,5,5,4,4,3,5,2,3,5,4,5,2,4,4,3
262,2,2,5,2,4,4,5,2,4,4,2,2,5,4,4,4,5,2,4,4,4,5,4,4,4,2,2,4,4,5,4,4,5,4,4,2,2,4,5,4,1,4,4,5
263,2,2,4,3,5,4,4,3,4,5,3,1,4,2,4,1,5,2,2,5,5,4,3,5,5,1,4,5,1,4,4,4,3,4,3,1,1,4,3,5,1,5,4,5
264,5,1,5,4,4,1,5,4,5,5,3,3,5,3,5,5,5,1,4,4,1,5,1,5,4,3,2,5,1,5,1,3,5,5,4,5,4,5,2,5,4,5,4,5
265,5,2,5,3,5,3,5,5,1,5,5,3,5,2,5,5,5,5,5,5,2,3,5,2,5,3,2,4,5,5,3,5,2,1,1,5,2,2,4,5,1,4,5,1
266,4,2,5,1,3,3,4,3,3,5,5,1,5,4,4,5,5,2,3,4,1,4,2,5,3,5,1,5,2,2,2,5,3,4,3,4,2,4,2,5,1,5,4,2
267,3,4,2,4,4,4,5,3,2,5,3,3,4,3,4,3,4,4,4,5,4,4,3,2,4,4,2,4,2,5,4,3,3,4,2,3,3,3,4,5,2,4,3,4
268,4,3,5,3,4,4,4,4,2,5,4,1,5,4,5,5,2,2,4,5,4,3,5,3,5,3,4,4,4,5,4,5,4,4,3,4,4,4,4,5,1,4,5,5
269,4,5,5,2,3,5,4,4,5,5,2,3,4,4,3,3,5,2,2,4,2,4,5,1,4,4,4,4,5,2,5,4,4,4,2,5,4,3,2,4,4,4,5,2
270,2,3,5,5,5,4,5,2,4,5,4,1,4,4,5,2,5,5,5,5,5,4,4,5,5,2,1,4,2,5,4,4,2,4,5,5,1,2,4,5,1,5,5,5
271,2,2,4,2,4,4,4,3,2,5,4,2,5,4,4,4,5,5,5,5,4,5,4,2,3,4,2,5,4,5,5,4,2,2,3,4,3,5,5,5,5,5,4,4
272,4,1,4,2,4,3,5,3,5,5,5,1,5,3,4,5,5,3,1,4,2,4,1,5,4,2,1,4,2,5,4,5,5,4,3,5,2,4,2,4,2,5,4,4
273,2,1,4,1,2,2,5,4,5,4,4,4,5,2,4,2,5,4,1,4,4,5,4,4,2,4,2,4,4,5,4,5,4,5,4,4,1,5,1,4,2,5,4,2
274,3,4,4,4,4,4,4,4,2,5,3,1,5,2,4,4,5,4,4,4,4,4,4,2,5,2,2,4,4,5,4,5,4,4,2,2,2,4,4,4,2,5,5,4
275,4,4,3,1,4,2,3,4,4,5,4,2,4,4,4,5,5,4,4,5,1,2,3,2,5,4,2,4,5,4,2,4,4,4,2,5,2,3,2,4,1,4,4,3
276,1,2,4,5,4,4,5,4,1,4,2,1,4,4,4,2,4,4,5,4,5,4,2,1,4,1,1,4,2,5,5,5,4,4,2,2,1,2,4,4,1,4,4,4
277,3,3,2,4,4,1,5,3,1,4,5,1,4,2,3,3,2,3,1,5,1,2,1,5,2,4,4,4,5,5,3,4,2,3,4,4,2,3,1,4,3,1,3,5
278,5,4,4,5,4,3,4,3,5,4,5,4,3,3,2,2,5,4,4,5,5,4,2,5,2,4,4,5,3,4,4,4,2,5,4,5,3,3,4,2,4,3,3,4
279,5,3,4,1,4,1,4,4,3,5,5,1,5,4,4,5,5,4,2,5,1,5,1,3,4,5,2,4,4,5,2,4,5,4,3,5,2,5,2,5,3,5,4,1
280,1,4,5,1,4,4,2,4,5,5,2,2,5,3,3,3,5,1,4,4,4,5,1,5,3,4,4,5,1,4,5,3,5,5,1,1,5,5,1,5,3,4,2,3
281,3,3,4,2,4,4,4,4,2,5,4,1,4,4,3,2,4,3,5,4,4,4,2,3,3,2,4,4,4,4,4,4,3,2,2,2,3,4,4,4,3,4,4,5
282,5,1,5,1,5,2,4,1,5,5,5,1,5,1,4,5,5,2,3,5,1,5,2,5,2,1,1,3,2,5,1,4,5,5,3,5,1,5,1,5,1,5,2,5
283,2,2,4,3,4,4,3,2,5,5,4,1,4,4,5,2,5,2,1,5,4,4,1,4,5,3,3,5,5,5,1,3,3,5,1,2,4,3,1,5,1,2,2,4
284,4,4,4,4,4,4,4,4,4,4,3,2,4,4,4,3,4,2,2,4,4,4,4,4,4,4,2,4,4,4,4,4,4,5,4,4,3,4,4,4,2,4,4,4
285,4,3,4,2,4,4,4,2,5,2,3,1,5,4,4,4,4,2,4,4,4,4,4,5,4,4,3,5,3,3,4,4,4,4,1,2,2,4,4,4,3,5,4,3
286,1,1,5,4,3,4,5,2,5,4,4,1,5,4,5,2,5,3,2,5,5,4,2,4,4,3,4,5,3,4,5,4,4,4,3,2,1,5,2,5,3,2,1,3
287,5,3,5,1,4,2,3,4,2,4,5,1,3,4,2,4,5,4,3,5,2,5,5,4,2,2,3,3,4,2,3,5,3,2,5,4,2,4,4,4,2,5,5,1
288,3,4,5,2,5,4,5,2,5,5,5,1,5,3,5,4,5,1,3,5,4,5,4,3,5,4,2,4,4,5,3,5,5,4,5,5,1,5,3,5,5,5,3,5
289,5,3,4,2,4,2,4,4,4,5,4,3,4,2,3,5,4,2,4,4,1,5,4,2,4,3,3,4,4,4,1,4,4,2,2,5,2,4,3,4,2,4,4,4
290,2,4,3,3,5,3,4,2,4,5,3,4,3,4,5,4,4,2,4,5,3,4,3,3,5,4,2,2,4,5,4,4,5,4,3,5,3,3,3,5,2,4,4,4
291,3,4,4,2,4,4,4,5,5,5,3,3,5,4,3,3,4,3,4,4,4,4,5,5,4,3,5,3,3,3,5,3,4,4,4,3,4,5,4,3,3,4,4,2
292,4,2,4,2,4,1,3,4,5,4,4,1,3,4,4,4,4,2,1,4,3,5,3,5,3,4,4,2,4,5,2,3,4,5,3,4,4,4,2,4,2,4,3,4
293,5,4,3,4,2,5,4,5,4,5,4,4,4,5,4,5,5,5,5,5,4,5,4,2,4,1,5,4,5,1,5,5,4,2,5,1,4,2,5,5,4,4,4,1
294,4,1,5,1,5,1,5,2,5,5,5,4,5,4,5,5,5,4,2,5,3,5,1,3,5,5,4,5,1,4,4,5,5,5,1,4,4,4,1,5,2,5,4,4
295,4,3,5,3,4,4,4,2,4,5,4,4,5,4,5,4,3,3,4,5,4,4,4,5,4,4,1,4,2,1,4,4,5,4,2,2,4,5,4,5,4,5,2,1
296,4,1,3,3,5,3,5,4,2,5,5,1,5,1,3,5,5,3,4,4,1,4,4,1,5,4,1,3,5,5,2,5,3,4,4,4,2,4,3,5,1,5,5,3
297,3,2,4,2,3,4,3,2,4,4,4,4,4,3,5,3,4,3,5,4,5,5,3,2,3,5,1,5,5,3,5,4,4,5,2,3,2,4,2,4,4,3,3,2
298,5,3,4,2,4,1,5,4,5,5,5,1,4,4,4,5,5,4,4,5,5,5,4,5,5,4,3,5,3,5,4,5,4,5,2,5,3,2,4,2,3,5,4,1
299,3,5,4,3,4,4,3,4,3,4,2,2,5,4,3,3,4,2,4,4,4,5,5,2,3,4,4,3,5,3,2,4,3,2,2,3,4,5,3,4,3,4,4,2
300,5,2,4,1,2,4,4,4,5,2,5,2,5,2,2,5,4,2,4,2,1,2,2,4,2,4,2,4,2,2,1,5,5,5,3,5,2,4,4,4,5,5,2,2
301,3,3,4,2,4,3,3,2,5,5,3,2,4,1,4,3,4,2,1,5,5,4,3,4,3,4,4,5,3,5,1,4,5,5,2,3,2,5,1,5,1,3,3,4
302,4,4,5,4,5,4,5,2,4,4,4,2,5,4,5,4,5,1,5,5,2,4,1,2,5,2,2,5,4,5,2,5,5,4,5,4,1,5,2,4,1,5,2,5
303,3,3,4,1,5,3,4,4,3,5,5,3,5,4,5,3,4,4,4,3,4,3,3,1,5,5,4,5,1,5,4,5,4,5,1,5,3,4,3,4,2,5,4,3
304,5,1,2,1,5,1,4,4,4,5,5,1,5,3,4,5,4,5,2,5,2,4,2,4,4,4,1,3,2,4,1,5,3,4,1,5,2,3,1,4,1,5,5,2
305,3,4,5,2,4,4,4,2,4,5,4,2,5,2,4,4,3,1,2,5,4,1,3,4,4,3,4,4,2,5,4,4,5,4,3,2,2,4,4,5,1,4,2,5
306,3,4,3,2,2,4,2,4,3,5,4,4,4,4,4,3,4,4,3,4,4,4,4,4,2,3,2,4,4,4,4,4,2,3,5,3,4,4,3,5,5,4,4,4
307,5,2,4,1,4,2,4,2,3,4,4,2,4,2,3,5,4,2,2,5,1,5,2,4,3,4,2,4,4,4,1,4,4,4,4,5,2,4,2,4,4,4,5,4
308,4,2,5,1,2,4,4,2,2,4,5,2,5,4,4,5,4,2,2,5,4,5,4,4,4,5,2,5,4,2,4,5,4,2,5,5,2,5,4,5,2,5,4,5
309,2,1,4,5,3,4,5,2,4,4,4,1,5,4,4,2,4,4,2,5,4,5,5,2,3,1,2,4,2,5,4,5,4,4,3,4,1,2,4,5,5,5,3,4
310,4,4,4,3,4,2,4,4,5,4,3,1,4,4,4,4,4,4,3,4,2,4,4,4,4,2,4,3,2,4,3,4,4,4,2,4,5,3,2,4,4,5,3,4
311,4,3,5,2,4,1,3,3,3,4,5,2,5,4,3,4,3,2,3,2,2,2,4,4,2,5,2,4,4,4,1,3,4,4,4,5,4,4,3,3,4,4,2,3
312,2,1,5,1,1,5,5,4,4,5,4,1,5,2,1,3,5,4,2,1,4,5,5,4,1,2,3,4,1,3,4,5,4,4,5,1,1,4,5,1,3,5,4,3
313,4,2,5,3,4,3,5,1,1,5,2,1,5,4,5,4,5,4,5,5,2,3,4,2,4,2,1,5,4,5,4,5,2,1,5,4,2,2,4,5,1,4,3,4
314,2,2,4,2,2,4,4,3,3,4,2,1,4,3,4,2,4,4,4,2,5,5,4,3,2,2,2,4,4,4,5,4,5,5,4,2,2,4,4,2,4,5,2,4
315,5,1,5,1,4,2,5,2,5,5,5,1,5,4,3,4,4,1,2,5,1,4,1,5,2,4,3,5,3,5,4,5,4,4,2,5,4,5,1,5,4,5,4,2
316,4,5,5,1,3,4,5,4,5,5,4,1,5,2,4,4,4,4,1,3,4,1,3,3,3,2,5,4,2,4,4,5,2,5,2,2,1,5,1,3,3,5,4,2
317,3,3,5,5,4,5,4,3,2,5,4,1,5,5,4,3,3,2,4,5,3,2,2,2,4,3,3,4,4,5,4,4,3,4,2,3,4,4,4,5,1,4,4,5
318,4,3,4,3,4,3,4,4,4,5,5,2,4,4,4,5,5,4,3,5,3,4,3,4,4,3,3,3,3,5,2,5,3,4,4,4,2,3,4,4,1,5,4,4
319,3,2,5,2,4,3,4,4,3,4,5,2,5,4,4,4,4,3,4,4,4,4,4,4,4,5,2,4,2,5,3,4,4,4,3,4,4,4,3,5,5,4,4,3
320,4,4,4,4,5,2,4,5,1,5,4,4,4,5,4,4,4,5,4,5,2,4,5,4,4,5,5,4,4,5,2,4,4,5,4,5,4,5,2,5,1,4,5,4
321,2,4,2,2,4,5,3,2,3,4,2,1,4,2,2,2,4,2,4,3,5,4,4,3,4,1,3,3,4,4,5,3,3,2,2,1,2,3,4,4,4,3,3,2
322,4,4,3,4,4,1,3,4,3,4,3,4,5,4,4,4,2,4,4,4,1,3,2,3,3,5,4,4,4,4,1,2,5,3,3,4,4,2,4,4,3,4,4,4
323,4,1,5,3,4,3,5,4,4,5,3,2,5,3,3,5,4,1,4,4,4,5,2,4,4,4,3,5,3,3,4,5,4,3,4,4,2,4,2,4,4,5,3,5
324,1,1,3,3,4,4,4,1,2,4,1,1,4,3,5,2,3,2,5,4,5,4,1,1,4,3,3,5,2,4,4,5,4,2,2,4,1,4,2,2,1,5,2,4
325,4,3,2,1,1,1,4,2,3,2,4,2,4,4,3,3,4,1,2,2,2,4,2,4,2,4,2,5,4,1,2,4,5,1,5,4,3,5,3,3,5,4,3,1
326,4,3,4,1,4,2,3,2,4,5,4,2,5,2,5,4,4,1,3,4,2,5,3,4,4,4,1,5,2,4,2,4,4,4,3,4,2,4,3,4,2,3,3,4
327,3,3,4,4,5,5,4,4,3,5,3,1,3,5,5,4,4,1,4,5,5,5,3,4,4,1,5,4,3,5,5,4,4,4,4,2,2,2,5,5,1,4,5,5
328,4,2,4,1,4,3,4,2,4,4,2,2,5,4,3,5,2,2,4,5,1,3,3,4,4,4,3,2,3,5,4,3,4,4,4,5,3,3,2,4,1,4,2,3
329,3,3,3,3,4,4,4,3,3,4,3,2,5,3,3,3,4,5,4,4,4,4,2,4,3,4,4,5,3,3,4,4,4,4,3,3,3,4,2,4,4,4,3,2
330,4,2,4,1,4,3,4,3,4,5,3,2,5,2,4,3,4,2,4,5,3,5,2,5,4,3,2,4,2,4,4,5,4,4,4,5,3,4,3,4,4,5,2,2
331,5,4,5,2,4,2,4,4,5,5,4,4,5,2,4,4,4,2,2,5,1,4,2,4,4,5,4,4,4,5,1,5,5,4,5,5,4,5,1,5,1,5,5,3
332,4,3,4,1,4,3,4,2,5,5,4,1,4,1,5,4,5,3,2,5,3,5,4,5,5,3,1,4,2,5,3,5,5,4,4,4,2,5,3,5,1,3,4,3
333,5,4,5,4,3,2,5,1,4,5,5,1,5,2,5,5,2,1,4,5,2,3,1,2,5,3,4,3,4,5,2,5,5,5,1,5,2,5,1,5,1,5,4,5
334,4,1,4,1,4,4,5,2,4,4,4,4,4,4,4,4,5,2,4,4,4,5,4,4,4,2,2,4,2,4,4,5,4,2,4,4,2,5,4,4,4,4,4,4
335,3,4,5,3,4,3,5,2,3,5,3,2,5,4,5,3,3,2,4,4,3,2,3,4,5,4,2,5,4,5,5,5,5,5,4,4,3,5,4,5,1,4,2,4
336,4,2,3,4,5,3,3,4,3,4,4,4,4,2,3,5,4,4,3,4,2,4,3,3,3,4,3,5,3,3,4,3,3,2,3,1,3,4,1,4,4,4,4,3
337,4,2,5,1,4,1,5,1,5,4,5,2,5,1,4,5,5,2,2,4,4,5,2,4,4,5,3,4,2,4,3,5,5,5,4,5,2,5,2,5,5,5,2,5
338,5,4,4,2,2,2,4,2,4,4,5,1,5,4,4,5,5,4,4,3,4,5,2,5,4,4,2,2,2,5,2,5,4,2,1,5,1,2,4,4,4,5,2,5
339,2,2,3,2,4,3,4,4,4,4,3,1,3,2,3,3,5,5,2,5,4,4,4,4,4,2,1,3,2,5,4,5,3,4,4,2,1,4,2,5,1,4,3,5
340,5,1,5,2,5,4,5,4,4,5,4,1,5,4,1,2,2,4,5,4,1,5,4,5,4,4,4,4,5,5,4,2,4,5,5,5,4,2,4,3,4,5,4,2
341,5,3,5,1,5,1,4,5,5,5,5,2,5,4,5,5,4,4,2,5,1,4,4,5,4,5,2,5,3,3,2,4,4,5,1,5,2,5,2,5,3,5,4,2
342,4,5,3,4,3,4,4,2,4,5,3,5,2,4,2,4,4,4,4,5,4,3,4,4,4,5,5,4,5,5,4,2,4,5,1,5,5,5,1,4,1,3,4,2
343,4,3,4,1,4,3,5,5,4,3,5,1,5,4,4,4,5,4,2,2,2,4,5,1,5,2,4,4,1,4,1,5,5,4,2,5,4,4,2,2,4,5,4,2
344,2,3,5,2,4,2,5,2,4,5,4,1,5,4,4,4,4,2,2,5,4,4,3,4,5,1,3,5,4,5,4,5,5,4,3,4,1,4,2,5,2,4,3,4
345,2,4,5,1,3,4,4,4,5,5,1,1,5,4,4,1,5,1,1,3,5,2,4,5,2,1,2,5,4,4,5,5,4,4,3,2,2,4,3,2,4,3,2,3
346,2,2,5,4,5,5,5,2,2,4,4,2,5,5,5,5,5,2,5,5,5,5,2,4,5,5,2,5,4,4,5,5,5,2,2,2,2,5,5,4,4,4,2,4
347,2,2,3,3,2,5,3,4,4,4,2,1,5,5,3,1,5,4,4,3,5,5,4,4,1,1,3,3,4,5,5,4,2,4,5,1,4,3,4,4,4,5,2,2
348,2,1,5,2,4,4,5,2,4,4,4,1,5,2,4,3,2,1,1,4,5,5,2,4,3,4,2,4,5,4,4,5,4,5,2,4,2,5,1,4,4,5,3,2
349,5,1,5,3,5,1,5,1,4,5,5,2,5,3,5,4,4,1,4,5,2,5,1,5,5,5,2,5,4,5,4,5,5,5,4,4,4,5,5,5,3,5,2,4
350,1,2,4,2,3,4,4,2,4,4,3,2,5,2,2,4,4,2,3,4,5,3,2,3,3,2,4,4,2,3,4,3,4,4,4,2,3,3,4,3,2,3,3,4
351,3,2,4,1,4,2,4,1,4,4,3,1,4,2,3,4,4,2,2,3,2,3,1,4,3,4,2,4,2,4,1,3,4,5,2,4,1,4,1,4,2,4,2,3
352,2,4,5,1,5,4,4,1,5,5,5,3,5,4,5,4,4,1,1,4,4,5,1,5,3,5,4,5,4,3,4,4,5,5,1,4,4,5,1,5,4,5,1,3
353,5,2,4,2,5,2,4,2,2,5,4,1,4,4,4,5,4,4,4,5,3,1,2,2,5,4,2,5,5,5,4,4,4,4,1,4,4,4,4,5,1,4,5,3
354,5,3,5,3,4,3,5,1,2,5,4,1,5,4,4,4,5,1,5,5,3,5,1,4,4,4,1,5,4,5,3,5,5,4,1,5,2,5,4,5,1,4,4,4
355,2,1,5,1,4,4,5,1,5,4,5,1,5,2,4,4,5,1,1,4,5,4,1,5,4,4,1,5,1,4,1,4,5,4,1,4,1,5,1,5,1,5,1,1
356,4,2,3,1,5,2,5,4,1,5,4,1,5,4,2,4,4,2,3,5,2,5,2,2,4,4,1,3,4,5,2,4,3,2,3,5,2,3,4,5,1,5,3,4
357,4,2,4,3,4,3,3,4,2,4,4,1,4,4,3,4,4,4,4,5,3,4,4,4,4,3,2,3,4,5,2,4,3,2,2,3,2,4,2,3,1,4,2,4
358,5,4,4,1,5,4,4,4,5,5,5,2,3,1,5,5,5,2,4,5,2,5,4,5,5,5,4,5,3,4,1,4,5,3,2,2,2,4,3,5,2,4,4,2
359,3,4,4,2,4,4,4,4,4,4,4,2,4,4,2,3,2,2,4,4,4,4,4,4,3,3,3,4,4,4,4,4,4,4,4,3,3,2,4,4,4,4,4,2
360,2,5,5,4,4,5,4,1,2,4,4,2,5,5,4,4,2,3,5,4,5,2,2,2,4,4,1,5,5,4,5,3,5,2,2,2,2,4,4,4,4,4,1,4
361,4,4,3,1,4,3,4,4,5,4,4,1,5,1,5,4,4,4,1,4,2,4,3,5,5,4,3,3,1,4,2,4,5,5,1,4,4,4,1,4,3,4,4,2
362,3,3,3,3,3,3,3,3,3,3,3,3,3,3,3,3,3,3,3,3,3,3,5,3,3,3,3,3,3,3,3,3,3,3,3,1,3,3,3,3,3,3,5,3
363,4,1,5,1,4,4,5,4,4,5,4,1,5,2,3,4,4,2,2,4,4,5,2,4,3,2,1,5,5,5,4,5,5,4,2,4,3,5,1,4,1,5,2,5
364,4,3,4,4,3,4,5,4,3,5,3,1,5,4,4,4,4,3,4,4,4,4,4,3,4,2,3,5,2,5,4,5,4,2,5,4,1,5,5,4,1,5,3,4
365,2,2,5,2,4,2,3,2,2,3,4,1,5,2,4,3,3,4,4,4,3,2,1,3,2,3,2,5,2,2,4,3,5,3,2,2,2,4,2,4,4,3,4,2
366,2,5,4,4,4,4,4,2,4,5,2,4,4,3,5,3,2,3,4,5,3,2,4,4,4,3,5,5,5,4,4,2,4,4,2,2,4,4,4,5,2,4,4,4
367,3,5,5,3,3,4,4,4,4,5,4,2,5,4,4,3,4,2,5,4,4,3,2,2,3,3,4,5,4,4,4,4,5,4,4,4,4,5,3,5,2,4,4,5
368,2,1,5,1,4,2,5,2,5,5,4,1,5,2,3,4,5,1,1,2,4,5,1,5,2,4,2,5,4,4,4,5,5,4,1,5,1,1,1,5,2,4,1,4
369,5,3,5,1,3,2,4,3,4,4,4,2,5,2,2,5,4,2,4,4,1,4,2,3,4,4,1,5,2,5,1,5,5,4,4,5,4,4,1,4,2,4,2,5
370,4,4,4,3,5,2,5,1,5,5,4,1,5,3,5,5,5,2,2,5,4,5,2,4,5,4,5,5,2,4,4,5,5,4,2,4,3,5,4,5,5,5,3,5
371,3,3,5,1,3,4,5,4,2,4,3,1,5,5,3,3,4,4,5,3,5,5,4,1,3,3,1,5,4,4,4,5,4,1,1,3,4,3,5,4,2,5,4,3
372,4,1,4,4,3,4,5,4,2,4,4,1,4,4,5,3,4,2,4,4,3,4,4,3,3,4,3,4,4,4,4,4,4,4,3,4,1,5,4,3,4,4,3,2
373,3,4,3,2,4,4,4,4,5,5,3,2,4,4,5,3,4,3,2,4,3,4,5,5,5,3,3,4,2,3,4,4,5,4,4,3,2,3,4,4,3,3,3,4
374,1,1,5,1,4,3,5,3,4,5,3,1,5,2,3,3,5,1,3,5,3,1,1,3,4,2,4,5,4,5,3,5,5,4,4,4,1,4,3,5,1,5,3,4
375,2,3,4,1,3,3,4,3,5,4,4,2,4,4,2,3,5,4,1,4,2,5,2,5,4,3,4,4,3,4,4,4,5,5,2,5,4,4,3,5,2,5,3,4
376,4,1,2,4,2,2,2,4,2,4,3,1,3,4,4,3,5,5,4,5,2,5,5,2,3,3,2,2,2,4,4,5,2,3,3,5,1,1,2,4,2,4,5,3
377,5,1,5,1,5,3,5,1,5,4,5,2,5,3,5,5,4,1,1,5,2,5,4,5,4,4,2,5,1,5,2,5,5,4,4,5,2,5,1,5,1,4,5,5
378,4,3,5,4,2,4,4,1,2,4,4,1,5,5,5,4,5,1,5,5,4,5,2,2,2,2,2,4,4,4,4,5,4,2,4,4,2,5,4,5,2,5,2,5
379,3,2,5,2,5,4,5,1,2,5,5,1,5,4,4,5,4,1,5,5,4,4,2,4,4,2,2,5,4,5,5,4,5,3,2,3,2,5,2,5,1,4,2,4
380,4,2,4,3,4,4,4,4,2,4,3,2,2,4,4,3,3,2,4,5,5,3,4,4,3,4,2,5,3,4,4,4,4,5,4,4,4,4,4,4,4,4,4,4
381,4,2,5,1,4,2,5,1,4,5,5,1,5,3,5,5,4,3,2,4,2,4,1,5,4,4,1,5,3,5,2,5,5,4,4,5,1,4,3,4,1,5,3,5
382,4,1,2,2,3,5,4,4,2,5,4,1,4,2,3,3,4,5,5,5,1,4,5,2,2,2,1,2,5,4,4,5,3,2,2,4,1,4,5,5,1,4,5,2
383,3,2,4,3,3,5,4,2,3,5,2,1,5,4,5,3,4,2,3,3,5,5,3,3,3,4,3,3,4,3,5,5,4,3,1,2,2,4,4,5,2,4,2,4
384,3,1,3,1,4,1,5,4,4,5,5,1,5,1,4,5,5,2,2,4,4,5,4,5,5,4,4,4,1,4,4,2,5,4,2,5,4,5,2,5,4,5,4,3
385,2,4,5,3,4,4,3,4,1,4,2,4,5,4,4,2,1,1,4,1,3,5,3,1,3,5,4,4,5,2,4,4,4,5,5,4,5,4,2,2,5,2,4,2
386,4,4,4,1,2,2,3,4,4,4,5,2,4,5,4,4,3,4,2,4,3,2,2,4,4,4,4,5,4,1,2,4,4,5,1,4,3,4,3,4,4,4,4,1
387,4,5,2,1,5,4,5,5,2,3,4,2,3,4,2,4,5,4,4,4,1,4,4,2,4,5,2,1,1,4,5,5,3,1,3,4,1,1,5,4,4,4,5,2
388,5,2,4,2,4,2,5,2,4,4,5,1,5,4,4,4,4,4,3,5,3,4,2,4,4,4,1,4,3,2,2,5,5,4,4,5,2,4,4,3,3,4,5,3
389,3,1,5,2,5,3,5,2,3,5,3,1,5,3,4,3,3,1,2,5,4,4,1,4,4,3,2,5,4,5,2,5,5,4,4,5,2,5,2,3,1,4,3,4
390,5,2,5,1,4,2,5,4,4,5,5,1,5,3,4,5,5,1,4,5,1,5,1,5,3,5,3,5,4,5,3,5,5,5,1,5,1,5,3,5,1,5,4,4
391,1,5,4,2,2,5,3,1,2,2,2,2,5,4,2,3,1,1,5,1,4,2,2,2,2,4,4,5,4,2,3,4,4,2,3,2,4,4,2,2,3,3,2,1
392,3,2,4,2,4,5,4,2,2,4,2,1,5,4,4,4,3,1,4,4,4,4,2,3,2,1,1,4,4,4,4,5,4,2,4,4,1,5,4,4,4,5,2,2
393,5,4,4,2,4,2,4,4,4,4,5,2,4,2,4,5,4,1,2,5,1,5,2,3,4,4,2,5,4,5,1,4,4,4,2,5,2,5,2,4,1,4,2,5
394,4,4,4,3,3,5,5,4,4,3,2,2,5,4,2,3,4,4,5,3,5,4,3,3,3,2,1,4,3,2,4,5,2,4,3,2,2,4,4,4,4,4,4,2
395,4,4,5,4,5,4,5,4,2,5,4,2,4,5,5,5,5,1,4,5,4,5,2,1,5,4,1,5,5,5,4,5,5,4,2,4,4,5,5,5,5,5,4,4
396,4,3,3,3,3,3,4,2,4,3,4,2,4,3,5,3,2,4,3,3,3,5,4,3,3,3,4,2,4,3,3,3,2,4,4,3,4,3,2,3,2,4,2,2
397,2,3,5,2,3,4,5,4,4,4,4,1,5,3,5,5,5,2,4,4,4,5,3,2,4,4,4,5,3,4,5,5,5,4,2,4,4,4,5,2,4,5,3,3
398,3,4,5,3,2,4,4,4,3,4,3,1,5,4,4,4,3,2,4,5,4,4,4,2,2,3,4,4,4,4,4,3,5,4,5,3,4,5,4,4,4,3,4,1
399,5,2,4,1,4,2,5,4,5,5,5,1,5,2,4,4,4,1,1,5,1,4,1,5,5,5,1,4,2,4,4,5,4,5,1,5,1,4,4,5,5,5,5,3
400,3,4,4,2,4,1,4,4,4,5,3,2,4,3,3,3,4,5,5,2,4,4,4,2,3,3,3,4,3,4,5,4,4,3,1,4,3,2,3,4,4,4,5,1
401,5,4,5,1,5,2,4,3,4,5,5,4,5,4,4,5,3,2,3,5,1,5,4,4,4,4,2,3,2,4,2,4,5,5,2,5,4,5,3,5,3,5,3,2
402,2,2,4,4,2,4,4,4,1,5,4,2,4,4,4,4,4,4,5,2,4,5,4,2,2,1,4,4,4,4,4,5,4,2,4,2,1,4,4,4,2,5,4,2
403,4,5,5,2,5,4,5,2,5,5,4,2,5,5,5,4,5,5,4,5,5,5,4,4,4,4,4,4,2,4,5,5,5,4,2,5,4,2,4,5,4,5,4,5
404,4,3,4,1,4,3,4,4,4,4,4,1,4,3,4,4,4,3,2,4,3,4,4,3,4,3,3,3,4,4,3,5,5,3,2,4,3,4,3,4,5,4,5,2
405,1,1,5,1,5,5,5,4,3,5,3,1,5,5,1,5,5,5,5,5,1,5,5,3,3,1,1,5,1,5,5,5,5,1,4,1,1,5,1,5,5,5,5,5
406,2,2,4,4,4,5,3,4,4,4,4,1,5,4,4,2,5,2,2,4,5,5,2,4,2,1,3,4,4,4,5,4,5,4,3,2,1,4,4,4,1,4,2,4
407,4,5,4,3,2,1,4,4,1,4,5,4,4,5,3,4,3,3,4,4,1,3,2,2,3,4,2,2,4,2,2,2,4,3,4,4,2,3,2,4,4,3,4,1
408,2,1,5,2,5,3,3,1,4,5,5,1,5,4,5,4,1,4,4,3,4,5,2,2,4,3,2,5,3,4,4,4,5,3,1,4,3,5,2,5,2,5,1,5
409,2,3,3,3,3,4,3,5,3,5,4,2,5,5,5,4,5,5,4,5,5,4,4,2,4,3,5,3,4,5,4,4,4,2,4,4,4,5,5,5,1,4,5,5
410,4,1,5,3,2,1,4,1,4,4,4,1,5,2,5,4,5,1,1,2,2,4,1,5,2,3,1,5,1,1,2,5,5,4,4,2,1,5,2,2,5,4,1,1
411,4,2,4,1,4,4,5,4,4,5,4,1,4,1,5,4,4,4,2,4,2,5,4,5,4,4,2,3,1,4,2,4,4,5,2,5,2,4,1,4,2,4,4,4
412,4,2,4,2,4,3,3,3,4,5,5,1,4,3,4,5,3,3,2,3,3,3,3,4,4,5,3,3,4,5,1,3,4,4,2,4,1,4,3,5,4,4,4,3
413,4,2,5,3,5,2,5,4,5,5,4,2,5,4,5,5,5,2,2,5,2,5,4,3,4,5,2,5,4,5,2,5,4,5,2,5,2,5,2,5,1,5,4,3
414,4,3,5,3,5,3,4,4,3,4,4,2,5,4,5,5,4,1,2,5,2,5,1,4,5,4,5,5,4,5,1,5,5,2,3,5,2,4,3,5,5,5,3,4
415,3,2,4,4,4,4,4,2,3,5,3,1,4,5,2,2,3,2,4,4,3,2,4,4,3,3,4,2,2,3,2,5,4,4,4,4,2,2,3,3,2,4,3,3
416,2,3,4,1,3,5,4,3,3,4,3,2,4,4,4,3,4,2,3,3,5,4,4,3,4,4,3,4,4,4,4,4,4,3,4,3,3,4,3,4,2,4,2,4
417,4,1,5,2,4,4,5,3,4,5,4,1,5,4,4,4,5,2,4,5,3,5,4,4,4,4,1,3,4,5,3,5,4,3,3,5,2,5,3,5,1,4,4,5
418,1,4,4,3,2,4,2,5,4,4,2,1,4,4,4,1,4,4,4,2,5,4,4,5,2,2,4,3,4,4,5,4,4,4,4,1,4,2,4,4,4,3,4,3
419,5,4,5,3,5,5,4,2,2,4,4,3,5,4,5,5,5,2,5,3,5,5,3,3,4,3,2,4,2,3,4,4,5,3,5,4,4,5,4,4,2,5,4,3
420,2,4,4,4,4,5,4,3,2,4,2,1,5,5,4,2,5,3,5,4,5,4,4,2,3,1,2,4,4,3,5,5,4,3,5,1,2,3,5,3,2,3,5,3
421,5,4,5,1,5,2,2,2,2,5,5,1,5,4,4,4,4,1,5,5,1,5,2,4,5,4,1,4,5,4,2,4,5,2,4,5,4,4,5,5,2,3,4,4
422,4,2,4,4,4,4,4,4,1,5,4,4,4,4,3,3,4,5,4,5,3,4,4,1,4,4,2,3,4,4,4,4,3,2,2,4,3,4,4,5,1,5,5,2
423,2,4,5,1,3,4,5,4,4,5,2,1,5,4,3,3,5,3,2,3,4,5,3,5,3,2,1,4,1,4,5,5,4,4,4,2,2,4,4,4,2,5,4,3
424,3,3,5,4,5,4,4,3,3,5,4,2,5,4,5,4,4,2,4,4,4,5,2,3,4,4,3,5,4,5,4,4,5,4,4,2,2,5,3,4,2,4,4,5
425,4,2,4,3,5,4,4,2,2,4,4,1,4,4,3,5,2,4,4,4,4,4,4,2,4,4,4,4,5,4,4,4,4,2,2,2,4,4,5,4,2,5,4,3
426,1,4,4,1,5,4,4,2,5,5,4,2,4,2,5,4,4,4,2,5,5,4,4,5,5,4,4,4,2,4,4,5,5,5,1,1,1,4,2,5,2,5,2,2
427,1,4,5,4,4,5,2,4,2,4,2,2,5,5,4,2,4,1,5,3,5,3,3,4,4,4,4,5,4,2,5,3,5,2,5,2,4,5,5,4,5,4,4,2
428,5,2,5,3,3,2,3,2,1,4,3,3,4,5,2,3,2,2,4,3,1,4,4,2,2,4,2,3,4,4,2,2,2,2,4,5,3,3,4,3,2,3,4,3
429,5,2,5,1,3,2,4,1,2,4,3,1,5,4,3,4,5,2,5,2,3,5,3,3,2,4,1,4,2,5,4,5,4,2,3,4,1,5,5,4,3,5,4,1
430,4,3,4,2,3,4,5,4,1,4,4,1,5,4,2,4,4,2,5,2,4,4,4,1,3,2,1,2,4,3,4,4,4,1,5,4,4,4,5,2,1,5,5,3
431,4,4,5,1,4,5,4,1,1,5,3,1,4,2,5,3,5,4,5,3,2,1,4,5,3,5,3,2,3,4,2,5,1,4,2,4,1,4,4,5,4,5,5,2
432,2,3,5,1,4,4,4,2,3,5,3,2,5,4,4,4,5,4,3,4,4,2,2,4,4,4,4,5,4,5,3,4,3,4,3,2,3,4,2,5,2,4,3,3
433,2,3,4,3,4,3,4,2,3,5,3,2,5,4,4,3,4,2,3,3,4,4,2,3,2,3,3,4,3,4,4,4,4,3,3,3,2,4,3,3,4,3,3,2
434,4,5,4,4,4,4,4,4,4,5,4,5,5,4,4,4,4,5,4,4,4,4,4,5,5,4,4,4,5,4,4,4,5,4,4,4,4,4,4,4,4,4,4,4
435,5,2,5,4,3,1,2,4,2,5,5,3,4,5,4,3,2,5,5,4,2,4,2,2,3,2,3,2,4,5,2,4,4,2,3,4,3,4,5,5,1,5,4,4
436,4,3,5,2,4,3,5,2,5,5,5,1,5,4,5,5,2,4,4,5,4,5,2,5,4,3,2,4,1,5,2,5,4,5,4,5,1,5,4,4,2,5,4,4
437,5,3,4,1,4,2,4,2,4,5,5,1,5,2,4,5,2,4,3,5,1,3,3,5,2,5,2,4,2,3,4,4,4,4,1,5,2,4,2,3,4,5,4,1
438,3,4,4,3,4,4,2,4,3,5,4,2,3,4,5,4,4,5,4,4,3,3,4,2,4,4,4,3,4,4,4,2,4,3,1,2,4,2,4,5,2,4,4,4
439,5,1,5,1,5,4,4,1,3,5,5,1,5,2,5,5,4,1,1,4,1,5,1,4,4,5,1,5,1,4,1,4,5,2,3,5,1,5,1,4,1,4,1,5
440,1,5,5,5,5,5,2,4,2,5,2,1,5,4,5,3,1,2,5,5,5,1,4,2,4,4,5,5,4,5,5,5,5,5,5,2,2,5,4,5,1,5,4,3
441,4,3,4,1,5,4,5,2,4,5,5,1,5,2,4,5,5,2,2,5,3,4,1,5,5,4,3,5,2,4,2,5,4,5,4,5,3,5,2,4,1,4,2,4
442,4,3,5,1,4,1,4,3,4,5,3,3,5,4,4,4,4,3,2,4,1,4,3,5,5,5,2,5,3,1,3,4,5,4,2,4,3,4,2,5,4,3,4,1
443,1,2,5,2,5,4,4,1,5,5,4,1,5,3,5,2,2,1,2,5,5,1,2,4,5,2,4,5,1,4,5,2,5,4,3,1,2,5,3,5,1,2,3,4
444,5,5,5,2,5,2,4,4,2,5,5,2,5,4,5,5,2,5,4,5,1,4,5,2,5,5,4,4,4,4,2,2,4,4,4,5,5,4,4,5,2,4,5,4
445,5,2,5,2,5,2,5,2,5,5,5,5,5,2,5,5,5,2,2,5,2,5,2,5,5,5,2,5,5,4,2,5,5,5,5,5,2,5,2,5,4,5,2,5
446,1,2,4,1,4,4,5,5,4,5,4,4,5,3,3,4,5,1,1,3,5,4,4,4,4,4,4,4,2,4,4,5,3,4,3,4,1,4,2,3,2,4,2,3
447,5,4,3,1,1,2,4,4,2,2,4,2,5,5,3,5,4,5,5,2,3,5,4,4,2,5,3,2,5,2,4,4,5,4,5,4,4,4,4,2,4,4,4,1
448,4,4,5,2,4,4,4,1,1,4,3,1,5,5,3,4,3,1,5,3,4,3,1,3,3,2,3,5,5,3,4,5,4,2,5,3,1,4,5,3,3,4,2,2
449,5,4,3,3,3,4,5,1,4,2,3,3,5,3,5,3,3,4,5,3,4,5,4,5,3,5,5,4,5,2,4,5,4,3,4,2,1,3,3,3,3,5,4,4
450,3,4,3,2,5,2,3,4,4,4,3,3,3,5,4,4,5,5,1,5,2,4,2,4,5,4,4,5,1,1,2,3,2,5,4,5,3,3,4,5,5,3,5,1
451,2,4,5,2,4,4,5,2,4,5,4,2,5,3,4,4,2,2,4,4,4,5,2,4,4,2,2,5,4,4,5,4,4,4,1,2,3,4,4,5,1,4,3,3
452,3,3,5,3,4,5,4,4,4,5,3,1,5,4,4,4,4,4,4,5,5,2,4,5,4,4,4,5,2,3,5,4,4,4,3,2,2,5,3,4,4,3,4,2
453,2,4,4,1,3,5,5,2,4,5,2,2,5,2,4,3,4,2,2,4,5,5,4,5,3,4,1,5,3,4,5,4,3,4,3,2,2,2,4,5,2,4,2,4
454,4,2,5,2,4,3,5,1,4,5,5,1,5,3,3,4,4,3,3,5,1,5,3,4,4,3,3,5,4,3,2,5,4,4,1,3,1,4,2,4,4,5,5,3
455,3,4,5,1,3,3,4,3,4,5,4,2,5,4,3,4,4,3,3,4,4,4,4,3,4,3,4,5,4,5,4,4,5,4,3,4,4,5,4,5,2,5,4,4
456,2,1,3,1,5,5,5,2,5,5,5,1,5,3,5,5,5,3,1,5,5,4,4,5,5,4,1,4,1,5,3,4,4,5,1,5,1,4,2,5,1,5,4,5
457,4,4,3,2,4,3,4,4,3,5,4,2,4,4,4,3,4,3,4,4,3,4,1,3,3,4,3,4,3,4,4,4,4,3,3,4,2,4,4,4,3,4,4,2
458,3,2,5,2,3,5,5,2,2,4,5,1,5,4,5,4,5,2,5,5,5,5,3,3,3,1,1,5,4,4,4,5,5,4,3,4,2,4,5,5,4,5,4,2
459,2,1,4,2,2,4,4,4,4,4,2,2,4,2,4,2,4,2,1,2,4,4,2,4,4,2,5,4,1,2,4,4,5,5,4,2,4,4,1,4,5,5,2,2
460,4,1,5,1,4,4,5,2,4,4,4,1,5,4,3,4,5,1,4,4,2,5,1,4,4,2,2,5,4,3,2,5,5,4,4,4,1,2,1,4,3,5,2,3
461,2,2,5,1,4,4,4,2,4,4,4,2,5,4,4,2,4,1,4,4,4,4,1,4,4,4,4,5,4,4,4,4,5,4,4,3,4,5,2,4,2,4,2,5
462,5,4,5,3,5,5,3,4,3,5,4,3,5,4,2,4,2,4,5,5,4,4,5,4,4,4,4,3,4,4,4,4,5,3,3,4,4,5,4,4,2,5,4,5
463,3,4,4,1,4,4,4,2,5,5,3,2,5,4,4,5,4,4,4,4,4,5,3,1,5,4,4,4,2,4,3,5,5,5,4,4,2,4,3,4,4,5,2,4
464,2,4,2,2,2,4,3,3,2,4,1,1,4,4,2,1,4,5,5,2,4,4,4,2,2,2,2,4,4,4,4,4,2,2,2,2,2,2,5,4,4,4,2,2
465,3,2,4,2,5,4,4,3,4,4,3,2,5,3,4,3,4,2,2,5,4,4,3,4,4,2,2,2,2,5,4,4,5,4,2,3,2,4,2,4,1,4,3,5
466,2,3,4,1,3,4,4,4,4,5,2,3,4,4,3,2,5,3,1,4,4,4,1,5,3,2,2,4,2,4,4,4,4,4,2,3,4,4,2,5,4,4,4,3
467,3,2,3,2,3,2,3,4,4,4,4,3,2,3,2,4,2,5,3,4,3,4,4,4,2,2,4,2,2,4,5,4,4,4,2,2,2,2,3,4,4,4,4,2
468,4,2,4,5,4,4,4,5,3,5,4,2,5,4,2,5,5,4,5,4,1,4,3,1,2,5,1,4,4,5,2,3,2,4,2,4,2,3,2,5,2,5,5,4
469,5,2,4,1,4,3,4,2,4,5,4,1,5,4,4,5,4,2,4,5,2,5,1,5,4,2,1,3,1,5,2,5,5,4,1,5,1,2,2,4,1,5,1,3
470,4,3,5,2,5,2,4,2,5,5,5,1,5,5,5,5,4,1,2,5,2,4,1,5,5,4,1,5,1,5,1,5,5,4,4,4,1,4,4,4,1,5,5,4
471,4,5,4,2,4,1,4,5,2,4,5,3,5,4,2,4,2,4,5,4,2,4,4,3,3,4,4,4,4,2,4,2,5,2,1,5,4,5,4,4,4,5,4,2
472,3,5,4,3,4,5,1,4,1,5,4,3,4,5,3,4,2,2,5,4,4,3,4,3,3,5,5,3,5,3,4,2,4,1,4,3,4,3,5,4,4,2,4,4
473,3,3,5,1,3,5,4,2,4,4,2,1,5,3,2,2,5,1,5,4,5,2,3,4,2,2,3,5,4,5,4,5,5,4,5,4,2,5,4,5,3,5,3,4
474,5,4,1,1,5,1,4,2,5,4,5,2,5,4,5,5,5,1,4,4,4,5,4,3,5,5,2,5,5,4,4,5,5,4,1,5,2,5,2,4,2,4,1,2
475,3,2,4,1,4,3,4,4,5,5,4,2,4,2,3,4,4,4,1,4,3,3,4,5,4,4,2,3,3,3,2,4,4,4,2,2,3,3,2,4,2,4,5,4
476,4,2,4,2,4,4,4,2,4,4,4,2,5,2,2,4,4,2,2,4,1,4,2,4,4,5,4,4,2,4,2,4,4,4,5,4,4,4,1,4,4,4,2,3
477,2,5,2,2,2,3,3,2,2,4,2,2,3,5,1,1,1,2,4,1,1,5,3,3,4,3,3,3,2,3,4,2,1,4,1,3,2,2,3,4,4,1,2,4
478,3,3,5,1,2,2,5,1,4,5,4,1,5,4,5,4,5,1,4,3,2,5,2,4,3,4,1,5,3,3,2,5,5,4,5,4,1,5,3,5,3,5,2,4
479,4,2,4,1,2,5,4,1,5,4,2,1,5,2,2,4,5,4,4,4,4,4,2,4,2,2,1,5,2,4,4,5,5,5,4,4,1,4,2,4,2,5,2,2
480,3,4,5,4,4,3,4,3,3,5,4,1,5,4,4,5,4,3,3,4,3,4,1,3,4,3,3,5,4,2,3,5,4,3,1,4,4,5,4,4,2,5,3,1
481,2,1,4,2,5,4,4,2,4,3,4,1,4,3,4,3,5,3,2,4,2,5,2,4,3,3,4,3,3,3,2,4,2,3,4,4,1,4,2,4,3,2,3,3
482,2,2,4,5,3,4,5,3,1,4,1,1,4,4,3,3,4,4,4,5,4,4,2,1,3,1,3,4,5,5,5,4,2,2,4,2,2,4,5,4,1,5,4,5
483,3,1,5,5,5,4,5,3,5,5,5,1,5,5,5,5,5,1,5,5,5,5,1,3,5,3,3,5,5,5,4,5,5,4,5,3,2,5,5,5,4,5,2,4
484,3,4,5,1,5,5,5,3,5,5,5,1,5,5,5,4,5,4,5,5,4,5,4,4,4,1,1,5,2,4,4,5,5,4,5,4,2,5,5,5,1,4,4,4
485,4,2,5,1,4,4,5,1,5,5,3,1,5,1,4,3,3,1,1,4,2,5,1,5,4,3,2,5,1,4,4,5,5,5,4,4,2,5,1,4,4,4,2,2
486,4,2,4,1,3,1,4,4,4,3,4,1,2,4,3,5,4,1,4,4,1,4,1,4,2,4,2,4,4,4,2,4,5,4,2,4,3,5,3,3,2,5,2,2
487,5,4,5,1,5,1,4,2,4,5,5,2,5,2,5,5,4,2,5,5,1,5,1,4,5,5,1,5,2,4,2,5,5,4,4,5,2,5,1,5,1,4,3,4
488,4,3,4,3,3,4,4,5,4,3,4,4,4,4,4,4,4,4,4,4,4,4,3,4,4,4,4,4,4,4,4,4,3,4,4,4,3,4,3,4,4,4,4,4
489,4,3,4,4,4,3,4,4,5,4,2,3,3,4,3,4,4,2,5,3,4,4,4,4,4,2,4,5,2,4,4,4,4,3,5,4,4,4,4,4,4,5,4,5
490,1,4,5,1,4,5,4,1,5,5,4,1,5,3,5,1,1,1,1,5,4,2,4,5,4,4,5,5,2,5,4,1,4,5,3,4,1,5,1,5,5,2,1,4
491,2,4,4,2,4,5,3,5,2,5,5,3,4,5,3,4,4,2,5,4,4,4,3,2,4,2,5,4,5,4,4,4,4,4,4,2,5,3,2,4,3,5,5,1
492,4,3,5,1,2,3,4,2,5,4,2,1,5,2,4,3,4,4,2,2,3,4,4,5,2,2,3,4,2,1,3,5,4,5,4,4,2,3,1,4,5,3,4,2
493,4,2,5,2,2,5,5,2,4,4,4,1,5,5,2,5,4,2,2,4,2,5,4,4,2,4,1,5,5,4,4,5,4,2,5,4,1,5,2,2,5,5,2,4
494,2,3,5,3,2,4,5,2,4,4,2,2,5,4,2,2,4,1,4,2,4,4,2,3,1,3,2,4,3,3,4,5,5,3,2,2,3,4,4,4,4,5,2,2
495,1,2,5,2,3,5,4,2,4,3,2,1,5,1,5,2,5,3,4,2,5,5,4,4,5,5,1,3,2,1,4,5,4,4,2,3,1,5,5,4,4,4,4,2
496,5,3,5,1,4,2,3,1,5,5,4,3,5,2,3,4,3,2,3,3,1,4,2,5,4,4,2,5,2,3,1,4,5,5,3,5,3,5,2,4,2,4,4,1
497,2,3,4,2,5,3,4,4,4,4,4,2,4,3,4,5,5,3,3,4,5,4,4,2,4,3,3,5,4,4,4,5,4,4,5,4,2,4,3,4,4,5,3,2
498,5,1,5,1,5,4,5,1,5,5,5,1,5,1,5,5,4,1,1,5,4,5,1,5,5,5,5,5,1,5,2,5,5,5,3,5,1,5,2,3,4,5,1,1
499,4,3,4,3,4,2,4,4,5,3,5,1,5,2,4,4,5,3,4,5,2,4,4,3,4,4,3,4,4,4,3,4,4,4,4,5,4,4,4,4,4,5,4,2
500,2,2,4,4,5,4,4,3,4,4,3,1,4,4,4,3,2,4,5,5,5,4,2,3,4,4,4,4,5,5,5,4,4,4,5,2,2,4,4,4,1,4,5,5
501,4,4,5,1,2,4,5,1,5,4,4,2,4,1,4,4,2,1,1,2,4,5,2,5,4,4,2,4,2,4,4,3,4,4,2,2,4,4,2,4,4,2,2,4
502,4,2,4,2,4,2,3,2,2,4,3,1,5,2,4,3,4,2,3,4,2,4,2,3,4,4,4,4,2,4,2,4,4,2,3,4,2,4,4,4,2,4,2,4
503,5,5,5,2,4,2,4,5,5,5,5,4,5,4,4,5,1,5,2,5,1,2,5,4,5,1,4,5,5,5,4,5,5,4,5,5,4,4,1,4,4,5,5,1
504,2,1,2,2,3,5,2,3,4,4,4,2,5,2,4,4,4,2,4,5,4,4,3,5,4,4,3,4,1,2,5,4,4,4,4,4,4,4,3,4,4,4,4,4
505,4,4,3,4,4,1,2,4,3,4,2,4,3,5,4,3,2,4,2,5,3,1,4,5,5,5,4,3,4,4,1,2,3,4,4,2,5,3,2,4,1,2,3,3
506,1,4,5,4,4,4,4,2,5,5,4,4,5,4,4,2,4,2,5,5,5,5,4,2,3,5,2,4,4,4,5,3,4,4,5,3,5,2,5,4,5,5,2,5
507,2,3,5,4,1,1,4,5,3,2,4,1,5,5,4,4,5,2,5,3,1,5,2,1,2,3,4,4,5,2,3,4,1,1,3,4,3,4,3,5,3,5,4,1
508,3,4,3,3,4,4,4,4,4,4,3,2,4,4,3,3,2,4,3,4,4,4,4,3,2,3,4,4,3,4,4,4,3,4,3,3,4,4,4,4,3,4,4,3
509,2,2,4,2,4,3,3,2,5,4,4,2,4,3,4,4,4,3,3,4,5,4,2,3,4,4,2,4,3,3,3,4,4,5,2,3,2,4,2,4,3,4,2,2
510,4,3,4,4,5,5,5,5,2,5,5,1,5,3,5,3,5,4,3,5,3,5,4,3,5,1,3,4,4,5,4,4,5,5,2,4,4,4,2,5,1,4,4,4
511,1,4,4,2,5,5,5,3,4,3,2,2,4,4,5,2,5,1,4,4,5,4,4,5,4,3,4,2,2,5,5,5,4,4,4,2,3,4,2,4,2,4,4,4
512,5,4,5,4,4,2,4,3,3,5,3,4,4,5,4,4,4,2,5,4,2,5,3,2,4,4,2,4,5,4,3,4,4,3,4,4,4,4,5,4,2,4,4,3
513,5,1,4,4,5,2,5,5,4,5,5,1,5,5,5,5,4,2,5,5,2,5,4,5,4,4,1,5,5,4,4,5,5,4,5,5,5,5,3,5,2,5,5,5
514,5,1,4,1,4,4,4,4,4,5,5,1,4,4,4,5,4,4,4,5,1,5,4,5,4,5,2,5,4,4,1,5,4,5,2,5,2,5,2,4,4,5,4,2
515,4,4,4,2,4,2,5,4,4,4,4,2,3,4,4,4,5,4,4,4,2,4,4,3,4,4,2,2,4,5,3,5,3,5,4,4,3,5,2,4,1,5,4,4
516,2,3,4,1,3,4,3,4,3,5,3,1,3,2,3,3,3,3,3,3,5,4,4,5,3,1,4,3,4,3,4,4,3,4,2,4,3,2,2,4,4,4,3,2
517,3,1,4,3,5,3,4,1,4,5,5,1,5,3,5,3,5,1,5,3,3,5,1,4,3,2,4,4,2,2,4,5,5,5,3,3,1,5,1,4,5,4,1,3
518,3,4,4,2,5,4,2,2,3,5,2,3,4,4,5,3,2,4,4,3,3,2,4,4,3,3,4,4,4,5,4,3,3,4,1,3,4,4,2,4,2,3,4,4
519,4,2,4,4,5,4,5,3,4,5,5,4,5,4,5,4,5,4,4,5,4,5,4,4,4,2,4,4,4,5,4,5,4,5,5,4,3,4,4,5,1,4,4,5
520,2,4,4,5,2,4,4,5,5,4,4,5,4,4,2,5,2,4,4,5,2,2,2,5,2,5,5,4,5,4,4,4,3,5,2,5,4,4,2,4,5,1,1,5
521,3,3,4,2,4,3,4,2,4,5,3,2,4,3,4,3,4,3,2,4,3,4,3,4,4,3,3,4,4,3,3,4,3,4,4,4,3,4,2,4,3,4,3,3
522,4,2,2,2,3,4,4,4,4,4,3,4,4,4,3,2,4,2,4,3,4,4,4,3,2,3,4,2,4,4,4,4,2,2,4,4,4,4,2,4,4,4,4,2
523,3,2,4,2,3,4,4,4,3,4,3,1,5,3,5,2,5,3,4,2,5,4,4,4,2,2,1,4,2,2,4,4,5,3,5,4,2,5,3,4,4,4,3,1
524,4,1,5,2,4,2,5,2,5,5,4,1,5,2,4,4,5,2,1,5,2,5,5,5,4,2,4,5,2,4,3,5,4,5,2,5,1,5,1,5,2,4,5,3
525,4,1,5,1,1,4,3,3,4,2,2,1,5,4,2,3,4,1,5,1,4,4,3,4,1,4,1,5,4,2,5,4,4,3,4,2,1,4,4,3,4,5,5,3
526,3,1,4,1,4,4,5,2,5,5,4,1,4,1,4,5,5,2,5,5,4,5,2,5,4,1,1,4,2,5,5,5,4,5,4,3,1,4,5,5,3,5,5,3
527,5,2,4,4,5,2,5,4,4,5,4,1,5,4,5,5,5,5,5,5,4,5,4,4,5,2,1,4,4,5,3,5,2,5,2,5,1,2,4,5,1,5,5,5
528,4,2,5,2,5,4,4,1,4,5,3,1,5,4,5,4,4,2,2,5,4,4,4,5,5,4,4,5,3,4,4,4,4,4,3,4,2,4,4,5,4,4,5,2
529,2,3,3,2,5,2,5,2,5,5,5,1,4,2,5,5,5,2,1,5,5,5,1,5,5,1,2,5,1,4,2,5,4,4,5,5,1,5,1,5,5,5,2,4
530,4,5,4,5,4,2,4,4,2,4,5,5,5,4,4,4,5,5,4,4,2,5,1,5,4,5,4,5,4,4,4,4,4,4,4,4,4,4,3,5,4,5,4,4
531,5,4,5,4,5,4,5,4,4,5,2,2,4,4,4,4,4,4,4,5,2,2,2,4,5,4,4,5,4,5,2,4,4,5,1,4,2,5,2,5,1,2,4,5
532,5,5,4,2,4,1,5,4,2,5,5,2,4,5,4,5,4,5,5,5,2,5,4,2,2,5,3,4,5,2,2,5,2,2,1,5,4,4,4,4,4,4,4,1
533,4,1,5,1,1,4,4,2,2,4,4,1,5,4,4,4,5,2,4,4,4,4,2,4,2,2,2,5,4,4,4,4,4,4,5,4,2,5,4,2,2,5,2,4
534,2,2,5,1,4,4,4,2,3,5,4,1,5,2,4,4,4,1,4,5,4,4,2,4,3,4,1,5,2,3,4,3,4,4,1,4,1,4,2,5,4,5,2,2
535,5,1,5,1,5,1,5,1,5,5,5,3,5,3,5,5,5,1,3,5,1,5,1,5,5,5,2,5,2,5,1,4,5,5,4,5,1,5,1,5,3,5,2,5
536,5,2,4,1,5,3,3,2,3,5,4,2,5,2,1,4,3,4,2,3,2,4,3,4,3,1,2,4,2,2,2,3,4,3,3,4,3,4,2,4,1,4,2,2
537,2,4,4,1,5,5,5,4,5,5,1,1,5,1,5,2,5,5,1,5,4,3,5,5,4,2,1,5,1,4,4,5,5,5,2,2,1,5,2,5,3,5,4,3
538,2,2,4,2,4,3,3,4,2,4,3,1,4,2,4,4,3,2,3,4,4,4,4,2,4,4,4,4,2,4,2,3,4,4,2,4,3,4,2,3,2,4,3,3
539,4,2,5,1,4,2,4,4,4,5,4,1,5,4,3,5,4,1,2,5,2,3,2,5,4,4,2,5,3,5,2,4,5,5,2,5,3,5,2,5,1,5,4,4
540,5,4,4,1,4,3,4,4,4,5,5,1,4,4,4,5,5,3,3,5,2,5,4,4,4,5,2,5,4,5,3,5,4,4,4,5,4,4,3,5,1,5,4,2
541,5,3,5,1,5,2,2,4,5,5,5,3,5,4,4,5,4,1,2,5,2,4,2,5,5,5,2,5,3,1,1,5,5,4,4,5,4,4,1,5,4,4,3,1
542,3,1,4,2,3,2,5,5,3,5,3,1,5,3,4,3,3,5,5,3,5,5,4,2,3,5,3,5,4,5,5,5,3,4,2,2,1,1,5,5,4,3,5,4
543,4,4,4,2,2,2,4,4,1,4,4,2,4,5,2,4,5,4,5,5,2,5,4,1,4,3,1,2,5,5,1,5,4,1,4,4,1,4,4,4,2,4,5,4
544,2,2,5,1,5,5,4,2,5,5,2,2,4,4,5,2,4,1,4,5,5,4,2,5,5,2,4,4,2,5,5,4,5,4,3,2,2,4,5,5,5,4,4,5
545,4,2,4,1,4,4,4,1,4,5,4,1,5,4,4,4,4,1,2,4,4,5,2,5,4,4,2,5,1,5,3,4,5,4,2,4,2,5,2,5,2,4,4,5
546,2,2,4,2,4,4,4,2,5,4,2,2,4,2,4,2,5,1,2,5,4,5,2,4,4,2,2,2,2,4,4,5,4,4,2,3,1,2,2,4,2,4,4,2
547,2,3,4,3,2,4,3,2,4,3,4,4,3,5,2,4,3,3,2,3,2,3,2,2,5,4,4,2,4,1,3,1,4,2,2,3,4,3,3,4,4,2,3,4
548,3,4,3,2,4,2,2,4,4,4,4,1,4,4,3,4,5,3,4,3,2,4,4,4,4,2,3,3,2,4,3,4,2,4,4,4,1,3,3,4,4,4,4,2
549,4,2,4,1,4,3,4,3,2,5,4,2,5,4,3,4,4,1,3,4,4,4,2,4,3,3,4,4,3,2,3,4,4,3,4,4,4,4,3,3,4,5,3,1
550,3,5,5,3,4,5,4,2,2,4,4,1,5,5,5,2,4,4,4,2,5,4,2,3,2,4,2,5,4,4,5,5,5,3,4,2,4,5,4,5,4,5,3,3
551,4,2,3,2,4,2,4,4,4,5,4,2,3,4,2,4,4,3,4,4,2,4,4,3,4,1,3,5,4,4,3,4,4,4,3,4,1,3,4,5,4,4,4,4
552,2,2,2,2,4,4,4,3,4,4,4,3,5,3,4,4,2,2,2,4,5,4,3,2,4,3,4,4,2,4,3,4,4,4,2,2,2,4,2,4,2,2,3,4
553,5,4,4,3,5,4,4,4,4,5,5,3,5,5,5,5,5,4,3,5,2,5,4,5,4,5,4,5,5,5,4,5,5,2,5,5,2,5,5,5,4,5,4,5
554,5,1,5,1,5,1,5,1,5,2,5,2,5,1,5,5,5,2,1,5,5,5,1,5,5,5,1,5,1,5,1,4,5,5,4,5,1,5,2,5,5,5,2,5
555,4,4,2,2,4,3,5,4,4,3,4,2,3,5,3,2,2,3,4,3,2,2,3,5,5,5,2,4,4,5,3,3,5,4,4,5,3,4,3,4,4,4,5,5
556,4,1,5,2,5,3,1,4,5,2,5,2,5,1,4,5,5,3,2,4,3,4,3,5,4,1,3,3,2,5,1,5,5,4,4,5,2,2,1,4,3,3,2,3
557,3,5,4,2,4,4,5,4,4,5,3,2,5,3,4,4,4,3,3,4,4,4,5,4,4,5,4,5,3,4,4,4,5,5,3,2,4,4,3,4,2,4,4,3
558,1,3,2,3,3,5,5,4,4,5,4,1,5,4,5,3,5,4,2,5,5,4,5,3,3,5,4,2,3,4,4,5,3,2,4,5,1,3,4,3,5,4,4,1
559,2,4,4,2,2,4,3,2,2,4,2,2,5,5,2,3,4,4,4,4,1,4,1,3,5,4,5,1,5,1,2,4,4,2,1,3,4,5,4,5,4,4,2,4
560,2,4,4,5,2,4,2,4,4,4,3,4,2,2,4,3,3,4,2,4,4,2,3,4,4,2,2,2,3,5,1,3,3,1,3,3,3,4,3,3,2,2,1,4
561,5,4,4,5,2,4,4,4,2,4,2,3,3,4,4,3,4,4,5,4,4,3,5,2,4,3,5,3,5,4,5,4,4,3,4,3,4,3,4,4,3,4,5,4
562,5,2,4,4,4,4,5,2,1,5,4,1,5,5,4,4,5,4,5,5,4,4,5,4,4,4,2,5,5,5,2,5,4,2,1,2,2,4,4,5,1,4,2,4
563,5,3,4,3,5,3,4,1,4,4,5,2,5,3,2,4,5,3,3,5,4,4,4,5,5,5,4,4,4,5,4,4,5,4,4,5,2,4,1,5,5,5,3,4
564,3,3,4,1,3,3,5,4,3,4,4,2,5,4,2,4,4,2,4,3,5,3,5,2,3,3,2,4,3,3,4,4,4,3,2,4,4,2,4,5,2,4,4,1
565,1,3,4,3,2,5,3,2,4,3,2,2,5,4,2,1,4,2,2,2,5,4,4,4,2,1,4,4,4,1,5,4,4,4,4,2,2,4,2,1,5,2,2,1
566,3,3,3,3,1,3,3,3,3,3,3,3,3,3,3,3,3,2,3,3,4,2,3,3,3,5,3,4,3,4,3,3,3,3,3,4,1,2,3,3,3,3,3,4
567,4,2,5,3,4,3,4,2,4,5,4,1,5,2,5,5,5,2,4,4,3,5,4,5,4,5,1,5,2,2,2,5,5,4,1,4,1,5,4,5,2,5,3,4
568,2,2,5,2,4,5,5,4,5,5,2,1,4,4,4,3,4,2,4,4,4,4,4,5,4,2,3,4,2,2,5,5,5,5,4,3,2,4,4,4,5,5,4,1
569,4,2,5,2,5,4,5,4,5,5,4,1,5,2,5,3,4,2,2,5,4,5,2,5,5,4,2,5,3,5,1,5,5,5,3,5,4,5,2,5,1,4,4,5
570,3,3,5,1,4,4,4,3,2,4,4,1,5,4,4,4,4,3,5,4,3,4,2,3,4,3,4,4,4,4,3,4,3,3,4,4,2,5,4,4,4,3,3,1
571,4,2,4,2,4,5,2,5,3,5,5,2,4,4,5,4,5,5,4,5,3,5,5,3,5,5,4,4,4,4,3,3,5,4,4,5,5,4,4,5,5,5,4,5
572,3,4,5,3,3,4,4,2,5,5,4,4,5,5,5,2,3,2,2,3,4,4,1,2,5,5,3,5,4,4,4,4,5,5,3,2,3,5,4,4,4,4,4,2
573,2,4,5,1,5,4,5,2,3,5,5,1,5,4,5,4,3,1,3,4,4,5,3,5,5,2,2,5,3,2,4,5,5,2,3,5,2,5,2,5,1,4,3,1
574,3,4,5,1,3,3,4,2,5,4,3,2,5,3,4,2,5,2,2,2,4,5,4,4,3,1,2,4,3,3,5,4,5,4,4,4,3,4,4,5,4,4,2,3
575,4,4,2,4,4,3,4,4,1,5,1,1,4,5,4,1,1,5,5,5,2,4,4,2,4,3,3,2,5,5,5,4,4,2,4,3,4,4,4,5,1,2,5,5
576,2,4,5,4,3,4,2,1,4,4,2,2,5,4,4,2,3,1,4,2,3,2,2,2,3,4,2,4,4,2,4,1,5,4,5,3,4,5,4,4,5,2,2,2
577,3,4,5,4,4,5,4,3,4,5,2,2,4,4,4,2,4,4,4,4,4,4,4,3,2,2,3,2,5,4,5,4,4,4,3,3,4,3,3,5,2,5,4,4
578,2,4,5,4,3,4,2,2,4,4,2,2,5,4,5,1,2,2,4,4,4,1,4,3,4,4,5,3,5,2,4,2,5,5,4,2,4,5,5,5,4,3,4,2
579,4,3,5,2,3,4,4,4,3,4,4,1,2,2,4,4,4,5,4,2,4,4,2,3,2,3,2,3,5,3,2,5,1,3,5,4,2,4,3,2,3,5,4,2
580,3,4,5,1,4,3,4,3,4,4,4,1,5,4,4,4,4,1,4,3,4,4,3,4,4,4,3,5,4,3,2,4,4,4,5,3,4,4,1,2,3,4,2,2
581,2,4,5,2,5,4,4,2,1,5,2,2,5,5,5,1,4,5,5,5,4,3,4,2,5,2,4,5,5,5,5,3,5,3,4,1,3,4,5,5,2,3,5,5
582,1,3,5,1,4,5,4,4,4,5,4,1,5,3,1,3,4,1,2,5,5,4,2,4,5,2,4,5,4,5,5,4,4,3,2,2,1,4,2,5,1,4,4,5
583,4,2,4,1,2,5,5,2,4,5,4,1,5,4,4,4,5,1,4,4,4,4,4,4,2,2,2,5,5,4,4,5,4,4,5,4,2,4,2,5,1,2,4,4
584,4,2,4,2,4,4,4,2,4,5,4,2,4,3,4,4,2,4,3,4,2,4,3,5,2,4,2,3,3,4,3,4,3,4,4,5,3,4,4,4,4,4,3,4
585,3,2,4,1,4,4,4,2,4,4,4,2,5,2,5,4,4,2,2,4,3,5,3,4,4,3,2,5,1,4,3,4,4,4,3,4,2,5,4,4,2,4,2,4
586,4,2,5,3,4,2,5,4,3,5,4,3,5,3,5,4,4,1,5,5,2,4,1,3,4,3,2,4,3,5,3,5,5,4,4,5,3,4,4,4,1,5,3,4
587,4,2,5,1,5,4,5,1,5,5,4,1,5,2,5,5,5,1,1,4,2,5,1,5,5,5,2,5,3,4,4,5,5,4,2,5,4,5,1,5,1,5,1,5
588,4,5,3,4,2,4,4,4,5,3,4,2,5,4,4,2,5,5,3,3,2,4,5,4,1,4,4,2,4,2,4,5,4,5,5,4,1,5,1,4,4,5,4,1
589,1,4,4,2,5,1,4,4,5,5,3,2,4,1,5,3,5,4,2,4,1,4,4,5,5,4,4,2,1,3,1,4,5,5,1,2,4,4,1,5,4,4,4,3
590,3,3,4,4,4,4,4,3,4,4,3,2,4,4,4,3,4,4,4,5,4,3,4,2,4,3,3,4,4,4,4,4,3,5,3,2,1,4,4,4,2,4,3,2
591,2,3,4,2,2,4,5,3,4,2,5,2,5,4,2,4,5,2,5,2,4,5,3,4,2,2,2,3,4,5,4,5,3,4,2,1,2,4,4,3,4,4,5,3
592,3,4,4,5,4,4,4,4,1,5,1,2,4,5,4,2,3,5,5,5,4,3,4,1,4,1,4,3,4,5,5,3,3,1,3,2,4,2,5,4,1,4,5,4
593,5,3,5,1,5,1,4,4,4,5,5,1,5,4,5,5,2,1,4,4,1,5,1,4,5,4,4,4,4,5,1,4,4,4,4,5,4,4,1,5,1,4,4,5
594,5,2,5,1,4,1,4,4,4,4,5,3,5,4,4,5,4,2,1,4,1,3,2,5,3,5,3,4,2,4,1,5,5,5,3,5,4,4,1,5,3,4,4,2
595,5,3,5,1,4,2,5,2,5,4,4,1,5,4,3,5,5,3,1,4,1,2,3,5,3,5,4,5,2,3,1,5,4,5,2,5,2,5,1,4,4,5,2,2
596,5,2,5,4,5,1,5,5,4,5,5,1,5,4,5,5,5,4,5,5,2,5,4,2,5,5,3,5,4,5,1,5,5,4,2,5,1,4,4,5,1,4,4,4
597,1,4,5,4,5,4,5,3,2,4,2,1,5,4,5,2,4,2,5,5,5,4,2,4,4,4,4,4,3,2,4,5,5,3,5,1,2,5,5,5,4,5,4,1
598,3,3,4,3,5,3,4,2,4,4,3,3,4,3,4,4,3,1,4,4,4,4,3,3,4,5,3,4,3,5,3,4,5,5,3,4,3,3,3,4,5,5,3,4
599,3,1,4,1,4,3,2,3,4,5,2,2,4,2,4,3,5,4,2,5,4,4,5,5,4,3,4,4,1,4,2,4,4,4,4,2,1,4,2,4,4,3,4,3
600,5,4,5,2,2,2,5,4,3,5,4,4,5,4,4,5,2,5,4,2,2,5,4,2,3,5,4,5,5,4,2,4,4,2,5,3,3,5,4,2,4,2,2,1
601,4,2,4,1,4,1,4,4,4,5,4,1,4,3,3,5,4,4,2,4,2,4,4,5,4,4,3,4,1,5,2,4,4,4,2,5,1,4,1,5,1,4,4,4
602,4,4,3,3,5,4,4,4,2,4,2,2,4,4,4,4,2,3,5,5,3,2,4,2,4,2,4,4,4,4,3,4,5,4,2,2,2,4,4,5,2,4,4,4
603,4,2,5,2,5,3,5,3,4,5,5,1,5,3,4,5,5,1,2,5,4,4,2,4,4,3,1,5,2,4,4,5,4,5,4,4,1,5,3,4,1,5,1,4
604,5,1,5,1,5,1,5,1,5,5,5,1,5,3,5,5,5,3,1,5,1,5,3,3,5,5,3,5,2,5,1,5,3,5,1,5,1,3,1,5,1,5,4,3
605,2,1,4,4,4,4,3,4,5,4,4,2,4,2,4,4,3,3,4,4,4,4,4,4,4,3,1,4,2,5,4,3,4,4,5,4,4,4,2,4,4,4,4,3
606,4,3,4,3,4,3,4,3,3,4,4,3,4,4,3,4,4,3,3,4,3,4,4,3,4,3,4,4,4,4,3,4,3,3,2,4,3,4,3,4,4,4,5,3
607,3,3,3,2,3,3,3,3,3,3,4,3,4,3,3,3,3,3,3,3,3,3,4,3,3,4,3,3,3,3,4,3,3,4,5,3,3,3,3,3,3,4,3,3
608,4,2,4,4,4,4,4,4,2,5,4,1,4,4,4,3,5,4,5,5,3,4,4,2,4,3,1,4,2,5,4,5,4,2,4,2,1,4,4,5,1,5,5,4
609,5,2,5,4,1,4,4,4,4,4,2,4,5,5,1,2,2,4,5,1,4,4,5,4,2,2,5,5,5,2,4,5,4,4,4,4,4,5,5,2,5,5,2,1
610,4,3,4,1,4,4,4,4,4,5,3,3,5,4,5,3,5,5,5,5,4,5,4,4,4,2,4,4,5,5,4,5,5,5,3,4,4,3,3,5,1,5,5,5
611,2,1,1,1,5,5,5,1,5,4,5,1,5,1,5,5,5,1,1,5,2,5,1,5,5,5,2,5,1,5,1,5,5,5,1,5,1,5,1,4,5,5,1,4
612,3,2,4,2,5,5,5,1,5,4,4,2,5,3,5,4,5,2,1,5,5,5,1,5,5,2,1,4,1,5,4,3,4,3,2,4,1,5,3,4,4,2,2,4
613,5,3,4,1,2,2,4,4,4,4,4,2,4,2,2,4,4,4,2,3,2,4,4,4,2,3,2,4,2,4,2,4,4,3,4,4,4,2,2,3,4,4,5,3
614,4,4,4,1,5,2,4,3,4,5,3,4,4,3,4,4,4,2,4,3,4,4,2,5,3,5,1,3,3,4,3,5,5,2,3,5,3,5,4,4,3,5,4,2
615,1,2,4,1,4,5,4,2,4,4,1,1,4,1,4,1,4,3,1,4,5,5,3,5,4,2,2,4,2,4,4,4,4,5,5,1,2,2,1,4,1,5,4,5
616,2,4,5,1,1,3,4,4,5,4,2,3,5,4,4,3,2,5,4,1,3,5,5,5,1,4,4,5,4,2,4,4,5,5,4,2,4,4,4,4,5,4,4,1
617,2,2,5,2,5,4,5,4,4,5,4,1,5,4,5,3,5,3,2,5,4,5,4,4,5,3,5,5,2,5,4,5,4,3,4,4,4,4,3,5,1,5,4,5
618,2,2,1,2,4,5,2,5,3,5,3,1,2,3,3,2,4,5,2,4,5,4,4,3,3,1,4,1,3,5,4,4,2,3,2,1,3,1,3,4,3,3,5,3
619,4,2,5,2,5,4,4,2,4,5,4,2,5,4,5,4,4,2,2,4,4,4,2,4,4,4,2,5,2,4,2,4,4,4,2,4,2,4,2,4,4,4,2,2
620,4,4,5,1,4,2,4,4,2,5,4,1,5,5,3,5,5,1,4,4,4,4,2,4,4,5,3,5,1,5,4,4,5,2,3,4,4,5,5,5,2,5,5,2
621,5,1,5,1,4,3,4,2,5,3,5,1,5,1,3,4,5,2,1,5,1,5,1,5,3,4,1,5,1,5,1,5,5,4,4,5,2,5,3,5,2,5,3,5
622,1,1,4,1,3,5,5,4,4,3,2,1,5,4,3,3,5,4,2,3,5,4,4,5,3,2,2,4,4,4,5,5,4,4,4,2,2,4,3,3,2,4,4,3
623,3,4,4,1,2,5,3,4,1,5,3,1,4,5,4,3,4,2,5,4,4,2,4,4,2,2,4,5,2,1,4,3,2,2,4,2,4,4,5,5,4,4,4,1
624,1,1,5,1,5,4,4,4,5,5,4,1,4,2,4,4,5,4,1,4,4,5,4,5,5,3,1,5,1,3,4,5,2,5,1,4,1,4,2,5,1,4,2,2
625,4,4,5,1,4,4,4,4,2,4,2,1,5,4,4,2,4,1,5,4,4,2,4,3,4,2,1,4,4,5,4,3,5,4,4,2,4,2,3,4,2,3,3,4
626,4,2,4,1,5,5,4,4,4,5,4,2,5,1,5,4,4,2,2,5,4,5,1,4,2,2,3,5,2,5,3,5,4,4,4,5,2,5,1,2,1,4,2,4
627,3,3,5,1,5,3,3,3,3,5,3,3,5,5,5,3,3,1,3,5,5,5,3,5,5,4,3,5,3,5,3,3,5,5,3,3,3,5,3,4,1,5,3,5
628,3,3,5,2,2,4,5,2,4,3,3,1,5,4,2,4,4,1,5,2,4,4,2,5,4,2,2,5,1,2,4,5,5,4,4,4,2,4,4,2,2,4,2,1
629,5,4,5,1,4,2,4,3,1,4,5,2,5,4,4,5,5,1,5,5,2,4,4,5,5,5,3,4,2,4,2,5,5,3,3,5,4,3,5,4,2,5,5,3
630,4,4,4,1,2,2,5,4,4,4,2,1,5,2,2,4,5,2,5,2,4,5,4,2,2,2,4,5,4,5,4,5,4,4,5,4,4,4,2,4,1,5,5,4
631,5,4,5,1,5,3,5,4,5,5,4,2,5,5,4,4,5,3,5,4,4,4,2,5,3,5,5,5,4,5,4,4,5,5,5,5,4,5,3,5,1,5,4,4
632,2,2,2,2,2,4,2,4,4,4,2,2,4,4,4,3,3,2,2,2,4,4,3,4,2,2,4,4,3,1,4,4,4,2,2,2,4,3,4,4,4,3,2,1
633,5,3,5,4,5,5,5,5,5,5,5,4,5,5,5,5,5,1,4,5,5,4,5,5,5,5,3,5,5,5,5,5,4,5,3,3,5,5,5,5,1,5,5,5
634,4,3,4,2,5,4,4,2,4,5,5,2,5,3,5,5,3,3,4,5,3,3,4,5,5,4,2,5,4,5,4,5,5,3,3,5,1,4,3,5,2,4,3,5
635,2,4,2,4,2,5,2,4,4,4,2,2,3,4,2,2,4,4,4,3,5,5,5,3,2,2,4,4,4,5,4,4,2,4,2,2,4,2,4,4,2,4,4,4
636,5,4,5,1,4,3,5,4,5,5,4,3,5,2,4,5,2,4,1,5,2,5,4,5,5,5,2,5,2,5,2,4,5,5,5,5,2,5,1,5,2,4,4,5
637,4,3,4,1,4,4,4,2,4,5,4,1,5,4,2,4,4,2,4,2,4,5,3,4,2,2,3,4,4,4,4,5,4,4,2,4,2,4,4,4,3,4,2,2
638,4,4,5,3,4,3,4,4,4,5,4,3,5,4,4,4,4,2,4,4,3,5,3,4,4,4,3,4,3,3,2,5,4,4,4,4,2,5,3,4,2,4,4,3
639,3,2,5,4,4,3,5,4,2,4,2,1,5,3,4,2,4,2,5,4,4,5,2,2,4,4,4,5,4,2,4,4,4,4,4,4,4,4,5,4,4,4,4,2
640,3,2,2,4,3,5,4,5,4,4,2,2,4,4,4,4,4,4,3,3,5,5,4,5,4,1,5,5,4,2,5,5,4,4,5,3,3,4,4,5,4,5,4,1
641,4,4,4,2,4,4,4,2,4,5,3,1,5,4,3,3,5,4,5,4,4,5,2,3,5,4,1,4,2,4,2,5,4,4,4,3,1,4,3,4,1,3,2,4
642,4,3,4,2,2,3,4,3,4,4,3,2,4,2,4,4,4,4,4,5,2,4,4,4,4,3,3,2,3,3,2,4,3,3,3,4,2,4,4,3,3,5,3,1
643,3,4,4,3,4,4,3,3,3,4,3,2,4,3,4,3,3,4,4,4,4,3,3,3,4,4,3,4,3,5,4,3,3,3,3,3,4,5,3,5,2,4,4,4
644,2,3,4,2,2,4,2,2,1,4,2,2,5,5,3,2,4,2,5,2,4,4,4,3,1,4,2,5,5,2,4,5,5,4,5,4,3,2,4,2,5,4,3,1
645,5,2,5,3,4,2,5,4,2,5,4,1,5,3,3,4,5,4,1,4,2,5,4,3,3,3,2,5,4,5,4,5,5,2,1,4,3,5,2,2,1,5,4,5
646,3,1,5,2,3,5,5,3,4,4,4,1,5,3,5,3,5,2,4,5,5,5,3,5,3,3,2,5,1,5,5,5,4,3,4,2,1,5,4,5,5,5,2,5
647,1,4,5,4,2,5,4,2,1,5,2,1,5,5,5,2,2,1,5,5,5,5,1,2,2,1,1,5,4,5,5,5,5,1,5,1,1,5,5,4,5,5,2,5
648,4,2,5,1,4,4,5,2,4,5,4,1,5,5,3,4,5,2,4,5,5,5,2,4,4,4,1,5,4,4,4,5,4,2,4,2,2,5,4,4,1,4,4,2
649,4,2,4,3,4,4,4,4,2,5,4,2,4,4,3,4,4,4,5,5,3,2,4,2,4,3,3,4,4,5,4,3,4,2,3,3,3,3,4,5,1,5,3,4
650,4,2,4,1,2,4,4,4,4,5,4,3,5,4,4,4,4,2,2,5,4,5,2,5,5,4,1,5,4,3,4,5,5,4,4,2,4,3,4,4,4,4,2,2
651,1,4,4,2,2,4,3,2,5,4,2,4,5,2,4,2,3,1,2,2,5,4,4,4,4,2,4,4,3,4,4,2,4,5,4,2,4,4,2,2,4,4,2,2
652,3,5,4,2,4,4,4,4,4,5,3,2,3,3,4,3,4,4,3,4,4,4,4,3,3,3,4,4,4,4,3,5,3,3,4,2,1,4,2,4,3,4,4,3
653,2,4,5,4,4,4,4,4,2,5,4,4,5,4,4,4,4,4,5,5,4,2,2,2,4,4,4,4,4,5,4,5,3,4,2,4,4,4,4,5,1,3,4,4
654,4,2,5,1,4,2,4,2,5,4,5,1,5,2,2,4,4,1,1,5,2,5,2,5,4,3,1,5,4,4,2,4,5,5,4,3,4,4,2,4,3,4,2,1
655,2,4,4,1,4,3,4,4,4,4,4,1,4,4,3,4,4,4,2,4,3,4,4,5,4,4,5,4,1,5,4,4,4,4,2,5,4,2,4,4,5,5,4,4
656,4,2,3,4,3,3,5,5,4,4,4,2,4,2,4,4,4,4,3,4,2,5,4,2,3,2,2,5,4,5,4,4,4,4,2,4,3,4,4,3,1,4,4,5
657,2,2,5,1,2,4,3,3,2,3,4,1,5,3,4,2,4,1,4,2,4,5,5,4,1,2,1,4,4,3,4,5,4,4,5,4,2,5,5,2,4,4,4,2
658,3,2,4,3,4,4,4,4,4,5,5,1,5,4,4,4,4,2,2,4,5,5,4,5,4,4,3,5,4,4,5,4,4,4,2,4,5,4,3,5,5,5,4,3
659,4,2,5,2,4,2,5,2,4,4,4,2,5,3,4,4,4,1,3,4,2,5,2,4,4,4,2,5,2,4,2,4,4,3,4,4,1,5,2,4,2,5,2,4
660,4,4,4,2,4,2,4,2,4,4,4,4,4,4,4,4,4,3,2,4,4,4,2,4,4,3,3,4,3,4,4,4,4,4,4,4,3,4,2,4,4,4,3,3
661,4,3,4,2,4,4,4,4,2,5,4,3,4,4,3,4,2,2,4,4,2,4,4,2,4,5,4,4,5,4,2,4,4,4,2,4,3,4,4,4,1,4,4,2
662,4,4,5,2,5,3,5,2,5,5,4,1,5,4,5,5,5,2,2,5,3,5,2,4,5,4,2,5,2,4,4,4,5,5,3,5,2,4,2,5,5,5,2,5
663,5,1,5,1,4,4,5,1,2,4,4,1,5,3,5,4,5,5,5,4,4,5,5,4,5,5,3,5,4,4,2,5,4,3,4,4,4,4,2,4,1,5,4,2
664,5,4,5,2,4,2,4,2,4,4,4,3,4,3,4,3,4,1,4,3,2,3,2,4,3,4,4,4,3,3,1,2,4,4,3,4,4,5,1,4,3,4,2,2
665,4,3,4,3,3,2,4,2,3,5,4,1,5,3,4,4,4,2,5,5,2,2,2,3,4,2,2,5,5,5,3,4,5,4,2,4,2,4,4,4,1,5,3,4
666,2,3,4,3,4,3,4,2,2,4,5,4,4,3,4,4,4,2,4,5,2,4,2,3,2,4,2,3,3,4,3,4,3,4,4,4,4,3,2,5,4,3,4,4
667,3,3,5,1,4,3,5,2,4,5,5,2,5,4,4,5,2,1,4,4,3,4,1,4,4,3,1,5,3,4,4,5,5,4,5,4,2,5,2,4,2,5,2,2
668,4,4,4,2,3,4,4,3,4,4,3,3,5,4,4,3,4,2,4,4,4,4,3,4,3,4,2,4,4,4,4,4,4,2,4,4,4,4,4,4,2,4,3,3
669,5,3,5,3,3,4,5,3,4,5,3,3,5,4,5,3,4,1,5,3,4,5,3,3,3,4,3,3,4,3,5,5,4,4,4,5,3,5,4,4,4,5,4,3
670,4,4,4,2,4,4,4,3,4,4,2,4,5,4,4,4,4,2,4,4,2,4,4,4,4,4,2,4,2,2,2,4,4,4,2,4,4,4,4,4,2,4,4,2
671,2,5,4,1,3,4,3,2,5,4,3,3,5,2,3,3,4,3,5,3,4,2,2,5,3,3,2,5,2,3,4,4,3,4,2,3,4,4,4,4,3,4,3,2
672,1,5,3,1,2,5,5,3,3,4,2,1,5,4,3,3,5,2,5,5,5,5,4,4,2,1,4,4,4,5,5,5,2,4,3,2,4,2,5,5,1,5,5,4
673,5,4,5,1,4,4,4,4,5,5,5,2,5,1,4,4,5,4,2,5,1,5,2,5,5,5,2,5,2,5,2,5,5,5,4,5,3,5,2,4,1,5,4,5
674,3,3,4,4,2,5,3,4,2,4,1,1,5,4,2,2,5,4,4,5,5,3,4,3,4,1,4,4,4,5,5,4,4,2,5,2,3,2,5,3,2,4,4,4
675,5,3,5,2,3,5,3,5,3,5,4,4,3,3,3,3,3,5,4,5,2,5,5,2,3,4,4,4,5,4,5,4,3,3,1,2,5,2,4,4,5,4,4,1
676,1,2,5,3,4,3,5,3,3,5,2,1,5,4,5,3,5,4,5,4,5,5,3,2,4,1,2,5,4,5,4,5,4,2,2,2,1,4,5,5,1,4,3,4
677,3,2,4,2,4,4,4,4,2,5,3,2,4,5,4,3,4,4,4,5,4,4,3,2,4,4,4,4,5,4,5,4,3,2,3,4,4,4,5,4,2,4,3,4
678,3,3,4,1,4,4,4,2,4,4,3,2,4,4,3,2,4,2,4,2,4,4,2,4,4,4,2,4,2,3,2,4,4,4,4,3,2,4,1,2,4,4,2,1
679,1,2,5,1,3,4,3,4,3,4,4,1,5,4,3,3,3,2,5,4,5,3,2,4,1,2,2,4,2,4,4,4,4,2,4,3,4,5,2,3,3,3,3,2
680,4,3,4,1,4,3,4,3,3,5,4,1,4,3,4,3,3,4,2,4,1,3,2,4,4,4,3,2,2,4,2,3,2,3,3,4,2,4,3,4,2,4,3,4
681,3,3,4,3,2,4,4,4,4,4,3,4,4,3,4,2,4,4,3,4,4,4,4,3,4,3,4,4,4,3,4,4,3,4,4,3,4,3,3,2,4,3,3,1
682,4,3,5,2,4,4,4,4,4,5,4,3,4,3,4,4,4,2,3,4,4,4,3,3,4,4,2,4,3,4,3,4,4,4,4,4,4,4,3,4,1,4,3,5
683,5,5,4,1,4,2,4,5,4,5,3,1,2,4,4,4,5,5,2,4,2,4,4,5,4,2,3,3,3,3,4,2,4,4,1,4,4,2,2,4,4,5,4,4
684,3,4,4,2,2,3,3,4,4,4,3,2,2,2,2,1,2,4,2,2,3,2,5,5,2,4,4,5,2,3,3,2,3,4,4,3,4,2,3,4,4,4,4,2
685,4,5,5,4,2,3,4,4,2,5,4,3,5,4,5,5,4,1,5,2,3,4,5,1,1,5,5,5,5,2,4,3,4,4,5,4,4,3,5,4,1,4,2,1
686,2,4,4,3,4,4,4,4,4,5,5,1,4,4,4,3,4,2,2,4,4,4,4,4,4,2,3,4,2,4,4,5,4,4,2,4,2,4,4,4,2,4,4,3
687,4,2,4,1,3,2,3,4,5,4,4,3,5,3,3,4,5,4,3,4,3,5,3,4,3,3,4,3,4,1,4,4,4,4,4,4,4,2,3,4,1,4,4,1
688,4,5,5,4,4,4,4,4,5,5,2,4,2,4,4,5,5,4,1,5,2,4,5,5,5,4,5,5,1,5,4,4,4,4,2,4,5,4,4,4,2,5,4,4
689,4,4,4,1,4,4,4,4,4,5,5,1,5,2,3,5,3,5,4,5,3,5,2,4,4,2,2,5,4,5,4,4,4,2,4,4,2,4,4,4,1,4,4,4
690,4,4,5,3,2,3,3,2,2,4,3,3,5,5,5,4,4,1,5,2,2,2,2,3,2,4,4,4,4,3,3,3,4,3,3,4,4,4,4,4,4,4,2,2
691,4,2,3,3,2,2,4,4,2,4,2,3,4,5,2,3,5,3,4,3,3,4,3,3,2,3,2,4,4,3,3,5,3,3,4,3,4,4,4,4,4,5,4,2
692,5,5,5,1,5,4,5,1,5,5,5,3,5,5,5,5,5,1,3,5,4,5,1,5,5,5,2,5,3,4,4,5,5,5,2,3,2,5,2,4,4,5,1,3
693,1,3,4,2,2,4,4,5,2,4,2,2,5,3,3,2,4,5,5,2,5,4,4,4,1,2,4,3,4,2,5,4,5,2,4,1,4,4,5,4,3,4,4,1
694,4,4,3,4,4,5,1,5,2,4,2,1,4,4,4,2,2,5,2,5,4,4,5,3,4,4,4,3,5,5,4,2,2,2,4,2,4,3,5,5,4,4,5,4
695,4,4,4,1,2,1,4,4,2,4,3,3,4,2,4,2,4,2,2,4,2,4,2,5,2,4,4,4,4,4,2,4,5,2,2,5,2,5,2,4,1,4,2,3
696,5,4,5,4,2,1,5,2,2,4,2,2,5,5,2,4,5,1,5,2,1,5,1,4,2,4,1,5,5,2,2,5,4,3,5,5,1,5,2,2,4,4,4,1
697,3,2,5,3,4,4,4,2,3,5,3,1,5,4,5,3,4,3,4,4,4,4,4,4,4,2,3,4,3,5,3,5,5,3,3,4,1,4,2,5,1,5,3,5
698,4,2,4,1,2,4,4,3,4,5,4,2,5,4,4,3,4,2,4,3,3,4,3,4,3,4,3,4,3,4,5,5,4,3,4,4,2,4,4,5,1,5,3,4
699,4,2,4,2,4,4,4,3,4,4,4,2,5,2,3,4,5,2,3,4,3,4,2,4,4,4,1,5,3,4,2,5,4,5,1,4,1,4,2,4,2,4,4,3
700,3,4,5,2,3,4,3,2,3,4,3,1,5,3,3,3,3,3,3,4,3,3,3,3,3,4,4,3,3,4,3,4,4,3,2,4,2,3,3,3,2,4,3,2
701,1,2,4,4,4,4,4,4,1,5,2,1,4,4,4,2,5,3,5,4,4,4,4,2,4,2,4,2,4,5,4,4,2,4,3,2,4,4,5,4,2,4,4,4
702,3,4,5,4,5,4,5,2,1,5,4,2,5,5,5,4,5,3,5,4,2,4,4,4,5,1,4,4,4,5,3,4,4,4,5,3,4,4,4,5,5,3,4,4
703,2,4,5,2,4,5,2,4,5,5,4,4,4,4,5,2,4,2,1,5,5,5,4,5,4,4,5,4,2,5,5,4,4,5,1,2,4,4,2,5,1,5,4,4
704,5,2,4,5,4,1,4,1,3,5,4,4,5,4,4,3,4,4,4,5,3,4,5,2,3,4,1,3,5,4,1,3,3,3,3,5,3,2,2,5,3,3,4,4
705,2,2,5,1,4,4,4,2,4,5,2,2,5,3,5,3,3,2,2,4,4,4,2,4,4,4,2,5,4,5,4,4,5,4,4,2,1,5,3,4,1,3,2,5
706,4,1,5,1,2,4,5,1,4,5,5,1,5,2,4,5,4,1,4,2,4,5,4,4,2,4,2,4,2,4,4,5,5,4,2,4,1,4,2,4,2,5,2,1
707,5,2,4,3,4,4,5,4,2,5,4,1,5,4,5,3,5,2,4,5,4,5,4,2,4,3,2,4,5,4,4,5,3,4,2,4,2,4,5,3,5,5,2,4
708,3,3,5,4,4,4,4,3,4,4,3,4,5,4,5,5,4,4,2,5,4,5,1,4,5,3,4,5,4,4,4,5,5,4,4,2,4,5,4,5,4,4,4,5
709,2,3,4,2,4,4,3,4,3,4,3,3,5,4,4,3,3,4,5,4,4,2,2,4,3,4,3,4,1,3,4,3,4,4,2,2,4,4,4,4,2,4,2,2
710,4,1,3,2,4,1,5,3,4,2,4,1,4,2,2,4,4,1,2,2,4,4,2,4,4,4,4,4,2,1,4,5,4,4,1,4,2,3,1,4,1,5,2,2
711,5,1,5,1,5,1,5,3,5,5,5,1,5,1,5,5,5,1,1,5,1,5,1,5,5,5,1,5,2,5,1,5,5,5,4,5,2,5,1,5,1,5,1,5
712,5,3,4,3,4,4,5,3,4,5,4,3,5,4,4,5,4,3,4,5,5,3,4,3,4,2,3,5,4,5,5,5,4,4,2,5,3,5,5,5,5,5,4,5
713,2,3,2,4,5,1,5,3,5,1,4,1,1,4,1,1,4,5,3,5,4,2,4,4,5,3,5,1,3,1,3,2,3,1,1,2,4,2,3,4,4,3,2,2
714,2,2,5,2,5,5,5,4,5,5,2,2,5,4,5,2,4,4,4,5,4,1,4,4,5,2,4,5,2,4,4,5,5,5,1,2,2,4,1,4,4,4,4,2
715,2,2,4,2,4,2,4,4,4,4,2,3,4,4,4,1,4,3,4,4,3,4,4,3,5,4,4,5,4,3,4,3,4,3,4,1,4,4,2,5,3,3,2,1
716,4,4,4,4,5,5,5,5,3,5,5,3,5,4,4,5,5,5,5,5,5,5,5,5,4,5,1,5,4,5,5,5,4,4,5,5,5,5,4,5,5,4,2,5
717,3,1,5,1,4,2,5,3,4,5,3,1,5,3,3,4,5,3,3,5,4,4,1,4,3,3,1,4,1,5,2,5,2,5,2,4,1,4,3,5,1,5,1,3
718,5,3,5,3,3,4,5,4,5,5,4,2,5,5,5,5,4,1,4,3,5,5,4,4,3,3,1,5,3,5,4,4,5,4,2,5,3,5,4,5,3,5,4,5
719,2,3,2,5,4,5,2,2,3,3,2,4,4,4,4,2,2,5,4,4,5,4,4,2,1,3,4,2,4,5,4,2,2,4,4,2,1,4,5,3,2,2,5,4
720,2,3,4,3,2,5,4,2,4,4,4,1,5,4,3,2,3,2,4,2,5,3,2,4,2,1,2,4,4,3,5,4,4,4,4,2,3,4,2,2,4,4,2,1
721,3,2,4,2,4,3,4,2,3,3,3,3,4,3,3,3,4,2,2,3,3,4,3,4,3,3,2,3,2,3,2,4,4,4,4,3,2,4,2,3,3,4,2,3
722,2,4,4,2,3,4,3,4,4,4,3,1,5,2,4,3,4,2,2,5,4,4,4,3,4,3,4,4,4,5,4,4,5,5,3,3,4,4,3,4,2,3,3,3
723,2,4,3,3,4,4,3,2,1,5,3,1,4,4,4,4,4,2,5,4,4,4,4,3,4,2,4,3,4,5,5,2,4,2,4,2,3,4,5,4,2,2,4,4
724,2,2,4,1,4,4,5,2,4,4,1,1,5,1,3,2,4,1,1,4,4,4,3,4,3,1,4,5,2,5,4,4,5,4,5,2,1,4,2,5,5,4,1,5
725,2,5,4,4,5,5,2,5,2,4,4,2,2,4,5,4,4,5,5,5,5,4,5,1,3,1,4,2,5,5,5,4,3,2,2,1,4,2,5,5,1,4,5,5
726,1,4,4,1,4,4,4,3,5,5,4,2,5,4,4,4,5,5,4,5,5,5,4,4,5,3,4,4,4,4,4,4,4,4,1,2,1,4,5,4,4,3,4,1
727,3,5,3,3,5,2,5,5,2,5,4,4,2,3,4,4,4,2,4,5,5,4,5,2,4,3,3,4,5,5,5,5,5,5,3,2,4,4,4,4,1,3,5,4
728,4,4,5,4,5,3,4,4,4,5,1,1,5,5,4,4,2,1,4,5,3,5,1,4,4,5,5,5,5,3,4,5,5,4,1,5,4,5,4,5,4,5,2,1
729,5,2,3,3,4,1,4,4,3,4,3,4,4,4,3,4,5,4,4,4,1,5,4,3,3,4,2,4,4,5,1,5,2,3,2,5,1,4,4,5,1,5,4,3
730,2,2,5,3,5,2,5,2,4,5,4,2,5,4,5,4,5,5,4,5,5,5,4,2,5,2,1,5,2,4,4,5,5,4,2,4,1,4,4,5,1,5,4,4
731,4,4,5,1,4,5,5,1,5,5,2,1,5,3,4,3,5,2,5,2,4,1,1,5,4,2,2,5,2,5,4,5,5,5,2,4,1,4,2,5,3,5,4,4
732,3,4,3,2,4,4,5,4,2,4,3,1,4,3,4,4,5,5,5,5,4,5,5,5,3,1,2,3,1,5,4,5,3,4,5,4,2,4,5,4,1,5,5,3
733,4,3,4,1,2,4,4,2,4,3,4,1,5,2,3,5,4,1,4,2,3,5,2,4,2,2,2,4,2,2,2,5,5,4,5,5,1,5,4,4,2,4,2,2
734,1,4,2,5,2,5,2,4,1,5,2,1,4,5,4,1,2,4,5,5,5,2,5,1,4,2,5,4,5,5,5,2,2,2,5,1,4,4,5,5,1,4,4,2
735,4,4,4,5,4,4,4,4,1,5,2,5,4,5,5,4,2,2,5,4,2,2,2,1,4,3,4,4,5,4,4,3,4,2,2,2,3,4,5,5,2,2,3,4
736,3,2,4,1,2,4,4,4,5,4,4,2,5,3,4,3,5,2,1,2,4,4,3,5,3,2,2,5,2,4,3,4,4,5,3,4,2,5,2,4,4,4,4,2
737,3,4,5,4,3,4,4,4,4,5,4,1,4,4,5,3,4,5,5,5,4,4,5,3,4,3,4,5,4,5,4,4,4,4,3,4,4,4,4,5,2,4,4,3
738,2,2,5,5,5,5,5,4,4,5,2,1,5,4,5,4,5,5,5,4,5,2,2,2,2,2,4,5,4,5,5,5,5,5,4,2,4,5,4,5,1,5,5,4
739,5,2,5,1,5,1,5,3,4,5,5,3,5,2,5,5,5,5,2,5,1,5,4,4,5,5,3,5,3,5,2,5,5,5,1,5,4,4,1,5,1,5,5,5
740,4,3,4,2,4,3,5,4,4,5,4,2,4,3,3,4,4,3,3,4,3,4,3,4,4,3,4,3,4,5,3,4,4,3,2,4,3,4,4,4,1,5,4,4
741,4,3,4,3,4,3,5,3,3,4,3,5,4,5,4,4,4,4,5,4,3,2,4,3,4,4,5,3,4,5,3,4,4,3,5,4,5,5,3,3,3,5,4,4
742,3,4,4,2,4,4,5,2,2,4,2,2,5,4,5,3,4,2,5,4,4,3,3,2,3,2,2,4,4,2,4,5,4,1,4,3,2,4,5,4,4,5,4,2
743,5,5,5,4,4,2,5,4,5,5,3,4,4,2,4,4,4,4,3,5,2,4,3,5,5,2,3,3,4,5,3,5,4,4,1,4,4,5,3,5,1,4,4,5
744,4,2,4,4,5,2,4,4,1,3,3,1,4,3,4,5,5,2,4,5,3,4,2,2,5,5,3,4,4,5,4,4,4,1,3,5,2,5,3,5,1,4,3,5
745,5,3,5,2,4,4,4,2,4,5,2,1,5,3,2,3,4,4,4,5,1,4,2,4,4,1,4,5,3,5,5,4,4,5,2,4,3,4,2,5,1,5,4,2
746,2,3,4,2,3,3,4,2,4,5,3,1,4,2,4,2,4,2,2,3,4,4,2,4,2,3,2,4,2,5,4,4,3,3,4,3,2,5,2,4,2,4,4,4
747,3,1,5,3,5,4,4,5,5,5,4,1,4,4,5,5,5,3,3,5,4,5,2,4,5,5,3,5,1,5,2,5,5,4,4,5,2,3,4,4,2,4,2,5
748,3,2,4,3,4,4,4,3,3,5,4,2,5,4,4,3,4,4,4,4,4,4,2,3,3,3,3,3,4,5,4,4,4,2,2,3,2,4,4,4,2,3,5,4
749,4,2,4,1,4,3,4,3,4,4,4,2,5,2,4,4,4,1,2,4,4,4,2,4,4,2,2,4,4,4,4,3,4,4,2,3,2,4,2,4,4,4,2,4
750,3,3,5,3,4,2,5,2,4,5,3,1,5,2,4,4,4,4,1,4,3,4,2,5,4,4,1,4,1,5,4,5,4,4,2,2,1,4,1,5,1,4,5,5
751,4,4,5,1,4,2,5,4,5,5,4,1,5,4,3,4,4,4,2,4,2,4,4,5,2,2,2,5,4,4,2,5,5,4,4,4,2,4,4,4,4,4,3,3
752,2,5,4,4,1,4,2,5,3,4,2,1,5,2,2,3,2,5,2,4,5,4,5,3,1,4,3,2,2,4,5,4,3,5,4,4,2,3,4,2,5,5,5,1
753,5,2,4,2,4,2,4,4,4,4,4,2,4,4,4,4,4,2,2,4,1,4,4,4,4,4,2,4,3,4,1,4,4,4,4,4,1,5,1,4,2,4,4,1
754,2,2,5,2,5,5,2,1,4,5,5,2,5,4,5,2,5,4,4,5,5,4,2,3,5,2,2,4,3,5,5,5,4,4,4,2,4,3,4,5,1,4,5,5
755,5,4,4,2,5,3,5,2,2,4,4,2,5,4,4,4,5,1,4,5,3,4,2,3,4,4,3,3,4,5,3,4,5,4,4,4,2,4,2,4,1,4,4,5
756,5,4,4,1,4,1,4,5,2,5,1,2,5,5,5,5,5,5,3,5,1,5,5,5,3,5,1,3,4,5,1,4,1,3,3,5,4,5,2,5,1,5,5,5
757,3,5,5,4,5,4,5,5,2,4,5,5,5,5,5,5,1,2,5,5,5,5,5,3,5,3,1,5,5,5,5,5,4,4,5,5,5,4,5,4,1,4,5,5
758,5,2,5,1,5,2,5,2,4,5,5,2,5,4,5,5,5,1,4,4,1,5,1,4,4,4,1,5,2,5,1,5,5,4,4,5,2,5,2,5,2,5,2,4
759,4,4,5,1,4,4,4,2,5,4,3,3,4,4,4,2,2,2,1,1,4,5,1,5,4,5,4,5,4,1,3,4,5,5,2,4,4,4,1,3,5,4,2,1
760,3,5,5,2,4,5,4,2,4,4,4,1,4,2,4,3,3,3,4,4,4,2,3,5,4,2,4,4,2,5,4,5,4,3,2,3,2,4,5,4,1,4,4,5
761,4,5,3,4,4,1,2,5,2,4,2,4,3,5,2,4,2,4,5,4,2,2,5,1,4,4,2,2,5,4,1,2,4,4,4,5,5,2,5,4,2,4,4,3
762,5,2,5,4,5,3,5,3,5,5,5,3,5,4,5,5,5,4,4,5,4,5,4,5,5,5,4,5,4,3,4,5,2,5,2,5,2,5,2,5,3,5,4,3
763,5,4,5,1,5,4,1,4,5,5,5,1,5,1,4,5,5,1,4,5,4,5,1,5,5,4,4,5,1,4,4,5,5,4,2,5,4,5,4,1,5,5,1,4
764,5,2,5,2,5,1,4,1,4,5,5,2,5,5,4,5,3,4,4,5,3,4,1,5,3,5,4,5,5,5,1,5,4,4,2,5,3,5,2,5,1,5,1,5
765,5,4,4,3,3,1,4,4,1,5,3,4,5,5,4,3,1,5,5,5,2,5,2,2,4,5,2,4,3,4,1,5,4,3,5,5,1,4,5,4,2,5,4,5
766,1,2,5,2,4,2,5,2,5,5,4,1,5,5,5,2,4,1,4,5,4,5,1,4,4,4,2,5,4,2,4,4,5,4,1,2,1,5,2,5,4,2,2,4
767,3,3,4,4,4,3,4,3,4,4,4,3,3,2,4,4,3,3,2,2,4,2,3,2,4,3,3,3,3,3,2,2,2,3,3,2,2,5,3,4,3,4,3,4
768,3,3,4,3,4,3,3,4,2,3,3,2,5,5,4,3,3,2,4,4,3,3,3,3,3,3,2,4,4,4,4,4,5,3,3,3,2,3,4,5,4,3,4,3
769,5,4,2,5,4,1,4,5,3,4,3,5,4,4,4,2,4,1,2,4,4,5,1,5,4,3,4,3,1,4,5,5,4,4,3,3,5,3,2,5,3,4,4,5
770,4,2,4,4,4,4,5,4,2,5,5,1,5,4,5,5,2,4,5,5,3,4,2,5,4,2,4,5,5,5,4,5,4,2,2,4,3,5,5,4,1,4,5,5
771,2,2,4,4,5,4,5,5,2,5,2,1,5,4,5,4,5,5,5,5,5,2,4,1,2,1,2,5,4,5,5,5,2,4,1,4,1,4,4,5,1,4,5,5
772,4,2,5,1,4,3,4,2,4,5,4,1,5,4,5,4,4,4,3,5,4,4,4,4,4,4,2,5,3,5,3,4,4,4,3,4,2,4,4,5,4,4,2,4
773,2,4,5,4,2,4,4,4,5,5,4,1,5,4,5,3,2,1,4,5,5,5,5,4,2,3,3,5,4,5,4,3,5,4,5,2,4,5,4,4,4,3,4,5
774,4,3,5,1,3,5,4,2,5,3,2,4,5,2,4,3,2,4,1,5,5,4,2,5,4,3,2,4,1,3,4,4,4,5,2,2,4,5,1,4,2,4,4,2
775,2,3,5,2,4,4,4,4,4,5,4,1,5,3,4,3,5,4,4,5,4,3,2,5,5,3,2,5,2,4,3,5,5,5,4,4,4,5,3,5,1,5,2,4
776,3,4,3,1,3,4,3,4,4,4,2,1,3,4,4,2,2,4,4,2,3,4,4,5,2,3,3,3,4,4,3,3,3,4,2,4,1,5,4,4,2,4,4,4
777,1,3,5,3,4,4,4,1,3,5,4,1,5,4,4,3,5,4,4,4,5,5,3,4,5,2,2,5,4,4,3,5,4,4,2,4,2,5,4,4,2,5,2,4
778,2,2,4,2,4,4,4,4,4,5,2,1,4,4,3,4,5,2,3,4,4,3,3,5,4,2,4,4,1,4,4,3,3,4,2,2,3,3,4,4,1,3,3,3
779,2,2,4,1,4,2,4,1,4,4,2,2,4,2,4,4,4,1,2,2,2,4,1,4,4,4,2,4,4,2,2,4,4,3,3,4,2,4,1,4,2,4,2,2
780,2,4,5,2,4,5,4,5,4,5,4,1,5,4,4,4,4,4,4,5,5,5,3,2,4,2,4,5,5,5,4,5,4,2,1,4,4,4,5,5,1,4,4,4
781,3,4,4,3,3,2,2,2,4,5,3,2,3,2,2,3,3,4,2,3,4,2,4,4,3,2,3,3,4,4,4,3,3,4,2,3,4,2,2,2,2,3,3,2
782,2,2,4,4,4,4,4,2,4,4,2,2,4,4,3,3,4,4,4,4,4,4,3,4,4,2,2,4,4,4,4,4,4,4,2,2,2,4,3,5,1,4,3,3
783,5,1,5,1,4,1,4,4,4,5,5,2,5,2,4,5,4,2,1,5,1,5,2,3,5,2,1,5,4,5,4,5,5,4,3,5,4,5,3,5,1,5,4,4
784,3,4,4,2,4,1,3,4,3,5,2,1,4,3,4,4,3,1,4,3,3,4,3,4,4,3,4,4,3,2,3,3,4,4,2,4,4,2,2,3,2,4,3,2
785,3,2,4,1,2,4,5,4,5,4,4,1,4,3,2,4,5,2,2,5,3,5,4,5,2,2,2,4,2,2,4,4,4,5,3,4,3,5,2,4,5,5,3,1
786,5,2,4,1,4,2,5,2,3,4,5,3,4,4,2,5,1,2,4,3,1,4,2,3,4,4,2,4,4,4,1,4,4,2,3,5,4,4,4,4,2,4,3,4
787,2,2,4,5,2,4,4,2,2,3,3,2,4,4,3,2,3,2,5,4,4,4,4,1,3,2,4,3,4,5,3,3,2,3,4,2,2,3,4,4,1,4,4,3
788,4,4,5,2,2,3,4,3,2,4,4,4,4,4,4,4,4,2,5,3,2,4,2,2,2,4,2,5,4,4,4,4,4,2,2,4,2,4,4,4,2,4,4,4
789,5,2,5,2,5,2,4,2,4,5,4,1,5,2,4,5,4,1,2,4,2,5,2,5,4,5,4,5,3,5,2,5,4,4,4,5,1,5,2,5,1,4,2,4
790,4,4,4,1,4,2,4,4,4,4,5,2,4,2,5,5,4,5,4,4,2,4,4,4,3,4,4,4,3,4,2,5,4,4,2,5,2,4,2,4,2,5,5,2
791,4,4,4,1,4,1,5,3,4,5,4,1,5,4,4,3,2,5,5,4,4,2,2,2,4,4,1,4,2,2,4,4,4,4,3,4,2,5,2,4,4,4,2,2
792,1,1,4,4,1,5,5,1,2,3,1,1,5,4,2,2,4,1,4,2,5,5,1,2,1,1,1,5,2,4,5,5,4,2,5,1,1,5,5,1,4,5,3,2
793,5,2,5,4,5,4,3,4,4,5,4,2,5,5,5,5,4,1,4,4,4,4,2,2,2,5,3,5,5,5,4,5,5,3,5,5,4,5,2,5,1,5,4,5
794,3,4,4,1,4,2,4,3,4,5,4,4,5,4,4,3,4,4,1,4,2,4,3,4,4,5,4,5,3,2,3,3,4,4,4,5,4,2,1,4,4,4,4,2
795,5,1,5,1,5,2,5,1,4,5,5,1,5,1,5,5,5,2,1,5,1,5,1,5,5,2,1,5,4,5,2,5,5,4,2,5,1,5,1,5,4,5,1,3
796,4,2,4,2,2,2,4,1,4,2,3,2,5,2,3,3,4,3,1,2,1,3,2,5,3,3,1,4,1,2,1,4,4,4,2,4,1,4,2,4,4,4,1,2
797,4,4,5,2,5,2,5,4,2,5,4,1,5,2,5,5,5,2,4,5,2,4,4,3,5,4,1,5,2,4,2,5,4,4,2,4,1,4,2,5,1,5,4,5
798,2,3,3,2,3,3,3,2,3,3,3,1,2,4,2,5,1,3,2,2,3,3,3,1,3,4,3,4,2,3,4,2,4,3,3,3,2,3,3,3,2,2,4,4
799,4,4,5,4,5,5,4,4,4,5,4,4,5,5,5,5,3,3,5,5,5,5,3,3,4,5,5,3,5,5,5,5,4,3,4,5,4,5,5,4,5,4,5,5
800,1,4,4,1,5,3,5,2,4,2,3,1,4,1,3,4,5,1,1,5,5,5,4,4,4,2,2,4,1,4,4,5,4,4,4,2,1,4,1,2,1,3,4,5
801,3,4,4,4,4,4,3,3,3,5,3,4,4,5,5,2,4,4,4,4,3,2,4,2,3,3,4,3,4,4,4,2,4,3,1,2,4,3,3,5,2,3,3,4
802,4,3,4,2,4,2,4,2,5,4,3,2,5,3,4,5,5,3,4,4,2,5,3,4,4,4,2,5,4,4,2,5,4,5,2,5,2,4,3,5,4,5,4,3
803,3,2,5,1,5,3,4,5,5,5,4,1,5,4,5,5,5,4,1,5,2,5,4,5,5,4,5,5,3,5,2,5,4,5,2,4,1,5,2,5,1,5,3,2
804,4,4,5,1,4,2,4,5,4,4,3,1,5,4,4,4,1,3,4,4,2,4,1,3,4,4,4,5,5,4,3,4,4,4,3,4,3,4,2,3,3,4,3,2
805,4,3,5,2,5,4,5,4,3,5,5,4,5,3,5,5,4,3,4,5,2,5,3,4,5,4,4,5,4,4,2,5,3,5,3,4,2,3,2,5,4,4,2,4
806,4,4,4,1,5,2,5,2,2,5,4,2,4,4,5,4,1,5,5,5,2,4,4,4,5,2,4,4,4,5,2,4,4,2,2,4,4,1,4,5,1,4,5,4
807,3,3,4,3,4,2,4,4,4,5,5,2,4,4,4,4,4,2,4,3,4,4,2,2,4,4,4,4,4,4,4,5,4,3,2,4,4,4,4,4,2,4,4,4
808,4,2,5,1,5,2,3,2,5,5,4,1,5,4,5,4,2,1,4,3,2,3,1,5,5,4,3,5,1,2,1,5,5,5,4,4,2,5,3,4,5,5,2,1
809,4,1,4,1,4,2,5,2,4,2,4,1,4,4,4,3,4,2,4,4,4,5,4,4,3,2,2,1,3,3,4,4,4,4,4,4,2,4,4,4,2,4,4,3
810,5,1,5,4,4,5,5,1,2,5,5,1,2,4,2,5,5,1,4,4,4,5,4,2,4,4,4,2,5,4,4,5,4,4,2,5,3,4,4,2,5,5,2,3
811,5,2,4,2,4,4,5,2,2,5,5,1,5,4,4,4,5,1,5,5,5,5,2,2,4,4,2,5,2,5,4,5,5,2,2,4,1,5,4,5,4,4,2,4
812,3,3,4,2,4,4,4,3,4,4,4,4,4,3,3,4,5,3,4,4,5,5,3,2,4,3,4,4,1,4,2,5,5,5,3,3,2,4,3,3,2,4,3,1
813,2,2,3,2,4,5,5,4,3,4,3,1,4,4,4,2,5,2,1,4,5,5,4,3,2,4,3,4,2,5,4,5,3,4,1,4,1,2,3,4,5,4,4,5
814,5,4,5,2,4,4,2,4,4,5,5,2,5,4,5,4,4,2,4,5,1,2,5,3,5,5,2,5,4,5,2,4,4,5,2,4,4,4,2,5,2,4,5,3
815,4,1,4,1,3,3,5,2,4,5,4,1,4,2,3,4,5,2,2,3,2,5,1,5,4,3,1,4,3,4,2,5,4,5,3,3,1,4,2,4,4,4,2,4
816,4,4,5,3,4,5,4,4,5,4,4,4,5,4,4,4,4,3,3,5,4,5,2,4,4,5,3,5,4,4,4,4,5,5,3,4,2,5,4,4,4,4,3,3
817,5,2,5,3,3,2,5,2,5,5,5,1,5,4,5,5,5,2,5,3,3,4,4,2,3,5,3,5,5,4,4,5,5,5,2,5,3,4,4,4,3,4,3,4
818,4,1,4,1,3,4,4,4,4,5,5,1,5,2,4,5,5,4,4,4,4,5,4,5,3,2,3,2,2,4,3,5,2,4,2,5,2,4,4,4,3,4,4,3
819,4,4,3,2,2,2,3,4,4,4,4,2,4,2,2,4,4,4,2,3,1,2,4,2,4,3,2,3,4,4,2,4,4,4,2,5,3,4,2,4,2,4,5,3
820,2,2,5,3,2,5,4,1,2,4,2,1,5,4,3,1,4,1,5,1,4,4,2,4,2,3,1,5,4,4,4,5,5,4,4,4,2,5,4,5,5,3,2,2
821,4,4,4,3,4,4,4,3,4,4,5,2,4,4,5,4,4,3,4,4,4,4,3,4,4,4,3,4,4,3,4,4,4,4,2,4,4,4,4,4,4,4,2,3
822,1,4,1,3,2,5,4,3,5,2,4,1,2,4,3,4,5,4,5,3,1,5,4,2,3,4,4,1,5,3,5,4,2,4,2,4,3,4,4,2,4,4,5,2
823,2,2,4,5,2,5,4,2,4,4,1,1,4,2,4,2,5,4,4,2,5,5,4,2,3,4,2,4,4,4,4,5,4,5,4,4,1,4,1,2,1,5,4,1
824,5,2,5,1,5,2,4,2,4,5,5,2,5,2,5,5,4,2,4,5,2,4,2,2,5,4,1,4,3,5,3,5,4,2,2,5,1,4,4,5,2,4,4,4
825,2,3,4,4,4,4,3,2,4,4,4,1,5,4,4,2,5,2,2,2,4,4,2,4,4,3,3,4,4,4,4,4,5,4,4,2,4,4,2,4,2,4,2,1
826,5,3,3,2,3,2,3,4,1,5,4,3,3,3,3,3,5,5,3,4,2,5,4,3,2,4,2,4,3,3,2,4,2,2,1,4,1,3,3,3,1,3,5,5
827,2,3,5,1,3,4,4,1,2,5,2,1,5,4,4,4,4,1,5,5,4,3,2,4,4,4,2,4,4,4,4,5,5,4,4,2,4,4,4,5,1,4,3,3
828,1,3,4,4,4,5,5,3,2,5,2,1,4,4,4,3,5,4,4,5,5,4,4,4,5,2,4,4,5,5,5,5,5,4,3,3,2,3,4,5,1,4,3,4
829,2,4,4,4,4,5,3,5,1,4,4,2,5,4,4,3,5,5,4,4,4,4,2,1,4,2,3,4,5,3,5,4,3,2,2,2,4,1,3,4,3,3,5,3
830,1,1,5,2,4,4,5,2,2,5,2,1,4,4,2,3,4,4,5,4,4,1,4,4,5,1,4,5,3,5,5,5,1,2,3,2,2,2,4,5,2,5,3,3
831,4,2,4,4,4,4,4,4,3,5,3,2,5,4,3,4,5,2,5,5,5,5,4,4,5,1,3,4,4,5,4,5,4,4,2,4,1,4,4,4,1,4,4,5
832,5,4,4,2,4,2,4,4,4,5,4,3,3,2,3,4,3,5,2,3,1,4,5,3,4,4,4,3,4,4,3,3,4,3,2,4,4,4,4,4,4,4,4,3
833,4,4,5,2,5,1,4,2,5,5,5,1,5,1,5,5,4,4,1,5,2,5,4,4,5,4,4,5,1,5,1,5,4,4,2,5,3,5,1,5,1,5,1,5
834,4,4,4,1,4,3,4,4,4,5,4,3,5,5,4,4,2,4,4,5,2,4,2,4,4,4,3,4,5,1,4,3,4,4,2,5,2,5,5,4,2,4,2,2
835,2,3,5,1,4,5,4,4,5,5,4,3,5,1,4,4,4,4,1,1,4,3,4,5,4,4,5,5,2,1,2,2,5,5,1,4,4,1,1,4,5,4,5,1
836,2,4,4,5,4,4,5,4,4,4,2,2,5,4,3,2,4,4,4,4,4,5,1,2,2,4,4,5,4,5,4,4,4,4,1,4,4,5,4,4,4,4,4,4
837,3,3,5,3,5,2,4,4,3,4,5,1,5,2,3,5,2,3,3,5,3,3,4,2,4,4,4,3,5,5,3,5,4,4,3,4,3,4,4,3,1,4,4,5
838,4,2,4,5,4,2,4,2,1,5,4,1,5,5,4,4,4,2,5,2,2,4,2,2,2,4,2,4,4,4,2,4,5,1,4,5,2,4,5,4,2,5,5,2
839,3,3,4,2,4,3,5,3,3,4,3,2,5,3,3,3,5,2,2,3,4,5,3,4,3,3,3,4,2,3,3,5,4,4,4,4,1,4,2,3,2,4,4,2
840,4,4,4,4,3,4,3,2,1,5,4,2,5,5,3,4,4,4,4,5,2,2,4,4,4,2,2,2,4,5,4,3,5,4,3,3,4,4,5,4,1,4,1,4
841,4,3,4,2,4,2,4,3,2,5,4,2,5,4,4,5,2,3,4,5,2,5,1,3,4,4,1,4,4,5,2,4,3,2,2,4,2,4,1,4,1,4,4,5
842,3,4,3,2,3,3,4,4,4,3,3,3,5,4,4,4,3,4,3,4,3,3,4,4,3,3,3,4,4,3,4,3,4,4,3,4,4,3,4,4,3,4,2,4
843,4,1,4,2,4,2,4,3,3,4,2,1,5,1,2,3,5,2,3,4,2,4,2,4,2,3,1,5,2,4,4,5,5,4,1,4,1,5,2,4,3,5,1,3
844,4,2,5,1,5,3,5,4,4,5,4,2,5,4,4,5,4,3,5,5,3,5,2,4,5,4,2,5,3,5,2,5,5,4,4,4,1,5,3,5,1,5,4,5
845,5,2,4,4,4,4,4,2,4,5,4,2,5,2,3,4,4,2,4,5,1,4,4,4,4,5,4,4,2,5,2,5,5,4,2,5,2,5,2,4,1,5,4,4
846,4,4,5,1,4,2,4,4,5,5,4,3,5,3,3,4,5,5,2,4,2,5,5,4,4,4,1,5,1,2,2,4,4,4,5,4,4,5,4,4,5,5,5,2
847,2,4,4,3,3,3,3,4,3,5,2,3,5,4,2,4,4,5,5,4,4,3,5,3,3,2,3,4,4,4,3,3,4,4,4,3,3,3,4,4,4,4,4,5
848,4,3,4,2,2,2,4,4,4,2,3,2,4,4,2,3,4,3,4,2,4,3,2,4,2,4,4,4,4,4,2,4,4,2,2,4,2,4,4,4,2,4,2,4
849,4,4,5,2,4,4,5,2,3,5,5,1,5,4,4,4,5,1,5,2,4,5,5,3,3,1,2,5,4,4,4,5,4,4,4,3,2,5,5,5,2,4,5,1
850,5,4,4,1,4,2,4,2,2,5,4,5,5,4,4,5,5,1,4,5,3,4,2,3,3,5,3,5,4,5,3,4,5,3,3,4,4,5,4,4,1,2,4,5
851,5,3,4,2,4,2,5,2,4,4,4,2,5,4,4,4,4,2,4,4,2,4,2,2,3,4,2,4,4,5,4,5,4,4,4,5,2,5,4,4,2,5,3,3
852,4,1,4,1,3,4,4,2,4,3,3,1,4,4,2,3,5,2,4,3,4,4,4,4,3,3,1,4,2,3,4,5,4,4,4,4,2,4,3,4,3,5,3,2
853,3,2,2,2,3,4,4,4,2,4,3,1,4,4,2,2,4,4,4,4,4,4,3,3,3,2,3,2,4,5,4,5,2,3,2,3,1,2,4,4,1,4,4,4
854,5,1,5,1,5,3,5,1,5,5,5,1,5,5,5,5,1,1,3,5,1,5,1,5,5,5,4,5,3,5,4,5,5,5,3,5,1,5,3,5,1,5,1,5
855,2,2,4,3,4,3,4,4,2,5,3,2,4,4,3,4,4,4,5,4,4,5,4,2,3,3,3,2,5,5,4,4,3,2,2,2,4,2,4,4,1,3,4,4
856,2,4,3,4,4,4,3,2,3,5,1,1,4,5,4,2,1,4,5,5,4,1,4,2,4,1,4,4,4,5,4,3,4,2,1,2,2,5,5,4,2,4,4,4
857,4,4,4,3,4,3,4,3,4,4,4,1,5,4,2,4,4,2,2,4,2,4,5,4,3,4,3,4,2,4,4,4,4,4,2,4,3,4,3,4,4,4,4,4
858,4,2,4,2,5,4,5,1,4,5,5,1,5,3,3,5,5,2,1,5,4,5,1,5,3,3,4,5,1,5,4,5,5,3,1,4,4,4,4,4,5,5,2,3
859,4,1,5,2,5,4,5,4,3,5,4,1,5,1,5,5,5,2,2,5,3,5,1,5,5,4,1,5,1,5,2,5,5,5,2,5,1,4,2,5,1,5,3,5
860,4,4,4,5,5,3,4,4,5,2,4,4,5,1,4,2,4,3,3,3,3,5,5,4,4,2,3,4,5,4,4,4,4,4,3,1,5,4,1,3,4,4,3,5
861,3,3,3,3,5,4,4,3,4,3,4,3,3,3,3,4,4,4,4,4,5,3,3,4,4,3,3,3,3,5,4,3,3,4,4,3,2,4,2,4,4,4,4,3
862,4,2,4,2,4,3,5,4,2,5,4,1,5,2,2,4,5,4,2,4,4,4,3,5,4,2,2,4,2,5,4,5,4,5,2,4,1,2,2,4,2,5,4,4
863,3,2,5,1,4,5,4,1,2,5,3,1,5,4,3,4,5,5,4,4,5,5,2,4,4,3,1,5,4,5,5,5,2,3,2,2,1,5,1,4,1,4,4,5
864,5,1,5,1,5,2,5,3,4,5,5,1,5,2,5,5,5,1,1,5,4,5,1,5,5,4,3,4,2,5,1,3,5,4,2,5,1,5,1,3,2,5,1,3
865,4,3,2,4,4,4,3,4,4,3,2,4,2,2,4,3,4,4,3,3,2,4,4,3,2,3,3,3,3,4,2,4,3,3,3,3,3,4,3,4,4,3,3,2
866,4,2,3,2,5,4,3,2,2,1,3,4,1,3,3,4,4,3,1,2,2,4,4,4,5,4,2,3,5,4,1,2,4,5,2,3,4,4,2,4,3,4,4,4
867,3,4,3,4,3,4,2,2,3,2,4,4,2,4,2,2,4,4,3,3,3,3,2,2,2,4,3,4,4,3,3,2,4,2,2,4,2,2,4,4,4,3,3,3
868,3,4,4,2,3,5,4,3,5,4,3,1,3,4,4,4,4,2,3,4,4,2,4,5,2,3,4,4,2,4,3,3,4,4,5,3,4,2,4,4,2,4,5,3
869,5,4,4,1,3,3,5,4,2,4,5,3,4,4,4,4,5,2,4,3,2,4,5,4,4,4,2,3,2,4,3,4,4,3,4,5,4,4,2,4,4,4,4,1
870,3,4,4,2,4,4,4,4,3,5,2,2,4,3,4,2,4,5,5,4,4,5,5,4,5,3,4,4,4,4,5,5,4,5,2,3,4,2,4,5,4,3,5,2
871,5,4,5,2,4,4,4,5,4,4,4,2,4,2,4,4,4,4,3,5,2,4,5,5,4,4,4,5,1,5,2,4,4,4,1,4,4,4,3,4,2,4,4,4
872,1,3,5,1,3,5,4,1,3,4,3,1,5,4,4,1,2,2,5,5,5,5,4,5,3,2,4,4,1,5,5,5,4,4,4,1,1,3,5,4,1,3,1,4
873,4,3,4,3,3,4,5,4,4,3,4,2,4,4,4,4,3,3,4,3,4,3,4,4,3,4,4,4,4,4,4,5,4,4,4,4,2,4,4,4,3,3,4,4
874,4,4,2,1,4,2,4,5,4,4,4,2,4,4,4,5,3,3,4,5,2,5,4,4,4,5,4,3,4,3,4,5,4,4,4,5,4,4,4,5,5,5,4,4
875,5,1,3,2,5,1,4,2,4,5,5,2,4,3,4,5,5,4,3,5,1,5,4,3,5,5,1,5,2,5,1,4,4,4,2,5,3,3,2,5,5,5,4,5
876,4,2,4,2,2,3,4,2,4,4,5,1,4,2,3,3,4,2,3,3,4,5,2,3,2,2,2,4,3,4,2,5,4,4,3,4,1,5,3,4,4,4,2,1
877,5,2,4,2,4,4,4,3,2,3,3,3,4,4,4,4,3,1,5,5,2,5,2,3,3,3,4,3,5,2,3,5,4,3,2,4,4,5,4,4,4,3,3,2
878,2,1,4,2,3,2,2,4,4,4,4,1,4,4,4,4,4,2,2,4,4,3,4,4,4,1,3,3,3,4,4,4,4,4,4,4,1,4,2,4,3,4,2,3
879,3,2,4,3,4,4,4,4,3,5,4,1,5,2,5,2,5,5,4,5,4,4,4,2,5,4,3,4,4,4,4,4,3,3,5,4,3,4,4,4,2,5,5,4
880,3,4,3,3,4,4,4,3,4,3,3,2,4,3,3,3,3,3,4,4,4,3,4,3,3,3,3,3,4,3,4,3,4,4,3,2,4,3,3,3,3,4,3,3
881,2,3,4,2,4,4,5,2,4,5,3,3,5,4,4,4,4,2,4,3,3,5,2,5,4,4,2,5,1,2,4,5,5,4,2,3,4,4,2,4,4,4,4,1
882,4,3,5,5,4,2,5,4,1,5,4,2,5,4,3,4,5,2,5,3,2,5,2,1,4,5,2,5,5,4,2,3,4,1,4,4,2,5,4,4,1,3,3,4
883,4,4,4,1,4,1,4,4,3,4,5,1,3,3,5,5,4,2,2,5,2,2,4,5,4,4,3,4,3,4,1,3,4,5,4,5,1,4,3,4,2,5,5,4
884,3,3,4,2,3,4,3,2,3,4,3,3,4,3,4,3,2,2,3,3,4,4,3,3,3,3,2,4,2,3,4,5,4,3,4,3,2,4,4,4,3,4,3,1
885,2,3,4,5,2,4,5,5,1,4,2,4,4,5,2,4,5,5,4,5,4,4,5,4,4,2,2,5,4,2,5,5,2,2,4,2,3,3,5,4,4,4,4,2
886,4,2,4,2,4,2,4,2,4,4,4,2,4,2,4,4,4,2,2,4,2,2,2,4,4,4,2,4,2,4,2,4,4,4,2,4,2,4,2,4,2,4,2,4
887,4,4,4,2,4,4,2,4,4,4,3,2,4,4,5,3,3,5,4,5,4,3,4,4,4,4,3,3,4,4,4,3,3,4,4,4,2,4,3,4,3,4,2,4
888,1,4,5,1,2,5,5,2,4,5,2,2,5,2,4,2,4,2,2,4,5,2,5,5,2,1,1,5,1,4,5,5,4,5,1,2,1,5,2,4,2,5,5,2
889,4,3,4,1,4,3,5,4,4,4,5,2,3,4,4,4,5,4,4,4,2,4,4,4,4,4,2,4,3,5,3,4,3,2,2,5,4,4,4,4,4,5,4,4
890,3,2,4,1,3,4,5,3,3,4,3,1,5,3,3,4,5,3,5,5,5,5,2,4,4,2,2,4,3,2,5,5,4,4,5,3,1,4,5,4,2,5,4,5
891,3,3,5,1,4,2,4,2,4,4,4,1,5,2,4,4,4,2,2,4,4,4,1,3,4,2,1,4,2,5,4,5,5,5,2,4,1,4,2,4,1,5,2,4
892,5,3,5,1,5,2,5,2,4,5,5,1,5,3,5,5,5,2,5,4,2,5,4,5,4,4,1,5,4,5,5,5,5,4,4,5,1,5,4,4,2,5,4,5
893,3,5,4,4,5,4,3,4,3,5,4,3,5,5,5,4,3,4,5,5,4,5,3,3,5,4,5,4,3,4,4,4,3,4,1,3,3,3,5,5,2,4,5,4
894,3,2,3,2,5,3,4,4,4,4,4,4,3,3,4,3,4,4,2,4,3,4,4,5,4,3,1,3,2,5,2,5,3,4,4,5,2,4,3,4,1,4,4,5
895,1,1,3,3,2,5,5,5,4,4,2,1,3,5,3,3,5,5,5,4,5,4,5,2,3,2,4,4,5,5,5,5,3,3,1,3,2,2,4,4,1,4,5,2
896,5,2,5,5,4,4,5,2,2,5,2,1,4,5,4,3,5,5,5,5,5,5,5,1,5,4,4,2,5,5,4,5,5,4,2,4,4,2,4,4,1,5,5,5
897,4,2,5,3,4,4,5,4,2,5,3,1,5,5,5,4,5,3,4,5,3,2,3,5,5,2,4,5,1,4,4,4,5,4,1,4,2,5,4,5,2,5,3,5
898,5,3,5,1,5,1,5,1,5,5,5,1,5,1,5,5,5,1,1,5,1,5,1,5,5,5,1,3,1,5,1,5,5,5,1,5,1,5,1,5,1,5,1,5
899,4,2,5,2,5,4,4,4,4,5,4,1,5,5,5,5,4,4,5,5,3,3,1,4,5,5,4,5,4,5,4,5,5,5,5,4,4,3,4,5,1,5,4,5
900,3,2,3,2,4,4,4,4,3,5,4,1,4,4,4,4,4,4,2,4,4,3,3,4,4,3,2,4,2,5,4,3,4,3,4,4,2,4,3,4,5,3,3,5
901,2,2,5,2,2,4,5,2,4,5,2,1,4,3,2,3,5,2,4,4,3,4,4,4,2,5,2,4,4,4,4,5,4,4,2,3,2,2,4,2,1,3,3,4
902,2,3,4,2,4,5,3,4,4,5,2,2,4,4,4,3,5,1,3,4,4,4,4,4,3,2,3,3,3,3,5,5,3,3,2,3,1,4,4,4,1,3,4,4
903,4,2,5,1,3,2,4,2,5,4,4,1,5,3,4,4,3,1,2,4,2,5,2,5,4,4,2,5,2,4,1,5,5,5,3,5,2,4,2,3,3,5,2,3
904,5,2,5,1,5,2,5,2,4,5,5,1,5,2,4,5,5,2,3,5,2,5,4,5,5,1,1,5,4,5,1,5,4,4,5,5,1,5,2,5,4,5,1,5
905,4,2,4,2,5,4,4,3,4,5,4,2,5,3,5,4,4,2,3,5,3,5,2,4,5,4,2,5,3,5,4,4,2,4,2,4,2,4,3,5,5,5,2,4
906,4,4,3,4,5,1,4,5,4,4,4,2,4,4,5,4,3,5,4,5,2,5,4,3,4,4,1,3,4,5,1,5,4,5,1,5,2,3,2,5,2,4,5,4
907,2,4,4,2,1,4,4,4,5,4,4,2,4,4,4,3,4,1,2,5,5,4,4,5,2,2,5,2,1,4,2,4,4,5,1,1,3,4,2,4,3,4,5,1
908,4,2,4,1,4,2,4,4,2,4,4,2,4,4,4,4,4,2,2,4,2,4,2,4,3,4,2,4,3,4,4,4,4,2,4,4,2,4,2,4,2,4,3,4
909,3,2,5,5,4,4,5,3,4,5,3,1,5,4,3,3,4,1,5,4,4,5,4,3,3,2,4,5,3,5,4,5,4,3,3,3,2,4,5,4,1,4,3,3
910,5,2,5,1,4,3,5,4,2,5,5,1,5,3,3,4,5,1,5,5,3,5,4,5,3,4,1,4,2,5,4,4,4,4,1,5,2,2,4,3,2,5,5,1
911,4,5,4,5,4,5,4,5,5,5,5,5,4,5,5,5,4,4,4,5,4,4,5,4,5,5,5,5,5,5,4,5,4,5,4,3,5,5,3,5,4,4,4,5
912,3,3,3,2,3,3,3,3,3,3,3,4,3,3,3,3,3,3,3,3,3,3,3,3,3,3,3,3,3,3,3,3,3,3,3,3,3,3,3,3,3,3,3,3
913,3,1,5,1,4,4,4,2,5,5,5,1,5,2,4,4,5,2,1,4,4,5,2,5,4,3,3,4,1,3,4,5,5,5,2,5,4,4,2,4,3,4,2,3
914,5,1,4,1,5,1,5,4,4,4,5,2,5,4,5,5,5,2,2,5,5,5,2,5,5,5,3,4,4,5,2,5,5,5,4,5,4,5,1,5,5,5,1,2
915,3,3,3,3,3,3,3,3,3,3,3,3,3,3,3,3,3,3,3,3,3,3,3,3,3,3,3,3,3,3,3,3,3,3,3,3,3,3,3,3,3,3,3,3
916,2,2,4,2,3,4,4,3,4,2,3,2,4,2,2,4,4,4,2,4,4,4,4,5,2,2,2,3,2,2,2,4,3,4,2,4,2,4,3,3,4,3,3,2
917,2,1,5,2,4,4,5,1,2,5,2,1,4,4,4,4,4,4,4,5,5,2,2,4,4,2,1,4,4,5,4,5,5,4,2,2,1,4,4,4,5,4,5,4
918,5,2,5,1,5,4,5,2,4,5,5,1,5,3,5,5,4,3,4,5,3,5,2,3,5,5,2,4,4,5,4,5,5,4,4,5,1,5,3,5,2,5,3,4
919,4,1,5,4,5,4,5,1,5,4,4,1,4,2,4,5,5,2,2,5,2,4,2,4,5,4,2,4,4,4,3,5,5,1,2,4,2,4,1,4,5,4,1,4
920,5,1,5,1,5,3,5,2,2,5,5,1,5,4,5,5,4,2,4,5,4,2,4,3,5,4,1,4,1,2,4,5,5,4,4,4,1,5,4,5,3,5,4,1
921,4,4,5,3,4,4,4,4,4,5,5,3,5,4,4,4,4,4,3,4,2,4,4,4,4,4,2,4,2,4,3,4,4,4,4,4,4,5,4,5,1,4,4,4
922,1,4,5,1,5,5,5,1,5,5,2,2,5,2,5,2,1,1,1,5,4,1,2,5,5,5,4,5,1,4,1,5,5,5,2,4,1,4,1,5,1,4,2,5
923,3,2,4,2,4,5,4,2,5,4,3,2,4,2,4,4,4,1,4,4,5,5,4,4,4,2,2,4,4,4,4,5,5,5,5,2,2,4,4,4,2,4,4,5
924,4,2,4,2,4,4,4,2,4,4,3,2,2,4,4,5,4,2,3,4,2,4,4,2,2,2,3,2,3,2,4,5,4,4,4,2,3,3,2,4,3,4,5,2
925,5,3,5,3,1,3,5,4,2,4,5,2,4,4,1,5,5,1,5,1,2,5,4,2,1,2,3,3,5,4,5,5,5,2,4,5,2,5,5,3,4,4,5,3
926,5,4,4,2,3,1,5,3,4,4,4,1,4,2,3,5,5,4,2,4,2,3,2,5,2,4,1,4,2,5,1,4,4,3,4,5,1,4,2,4,1,4,3,4
927,5,3,3,1,4,1,4,3,3,5,5,1,4,2,4,5,5,4,4,5,1,3,3,3,4,5,1,4,2,5,1,5,3,4,3,5,1,2,2,5,1,5,5,5
928,4,2,4,2,3,1,4,4,4,5,5,2,4,2,4,5,4,3,2,4,2,5,4,5,4,4,1,4,4,4,2,5,4,4,3,5,1,4,2,4,4,5,4,2
929,4,4,3,4,2,4,5,1,2,4,1,2,4,4,3,3,4,2,4,1,4,5,5,3,1,3,4,3,1,2,2,5,4,5,5,4,1,5,2,4,5,5,5,1
930,4,4,4,2,3,3,4,3,4,5,4,3,4,4,4,4,4,2,4,4,4,4,4,4,3,4,3,5,2,4,4,4,4,4,3,4,4,4,3,4,4,4,4,4
931,4,3,4,3,3,4,4,5,3,5,4,3,2,3,3,3,4,1,4,3,4,4,4,4,2,3,3,2,4,2,4,5,3,4,2,4,3,2,4,3,4,4,5,1
932,1,4,4,1,3,4,2,4,3,5,2,4,4,5,5,4,2,2,5,2,5,4,4,4,4,4,3,5,4,2,5,5,5,4,2,3,3,4,5,4,4,5,4,1
933,5,2,5,1,5,3,4,4,4,4,4,4,4,4,4,5,5,2,4,5,3,5,4,2,4,4,2,4,3,5,2,5,4,4,3,3,3,2,3,4,2,3,5,5
934,4,2,4,2,4,2,4,4,2,5,4,1,4,4,4,3,5,4,5,4,4,5,4,2,4,3,2,4,2,4,4,5,4,4,2,5,1,2,4,4,4,5,4,1
935,4,5,2,5,3,2,2,4,2,4,2,4,4,4,4,4,2,1,4,4,4,4,5,3,2,4,4,2,4,4,1,2,4,3,4,4,5,3,3,3,4,4,2,3
936,4,4,5,1,2,4,2,4,4,4,4,2,4,3,4,4,5,4,4,4,2,4,2,3,4,4,4,4,1,1,1,4,4,4,4,4,3,5,4,4,4,4,4,4
937,5,4,4,4,5,5,1,4,5,5,4,4,5,2,5,2,3,2,5,5,2,1,4,5,2,4,5,4,4,5,2,2,5,5,4,4,2,4,4,5,4,4,5,5
938,5,3,5,1,5,4,5,1,5,5,5,2,5,3,5,5,5,2,2,3,2,2,2,5,5,3,1,5,4,5,2,4,5,5,5,5,1,5,1,5,2,5,4,3
939,4,5,4,1,5,2,4,4,2,5,4,4,5,4,4,4,2,4,2,5,2,2,4,4,5,5,5,5,5,2,2,4,4,4,2,4,4,5,2,5,4,4,4,2
940,4,3,5,1,4,4,5,3,5,5,5,1,5,3,4,5,4,3,4,4,4,4,2,3,4,5,2,5,3,4,4,5,4,5,4,4,3,5,3,4,1,5,2,5
941,4,2,5,1,4,2,4,3,4,5,3,1,5,4,3,5,5,3,4,4,2,5,2,4,3,4,1,5,4,5,2,5,4,3,3,5,2,4,4,3,3,5,4,4
942,3,4,2,4,5,3,5,5,5,5,3,4,4,1,5,4,2,5,2,4,2,2,4,4,4,5,2,2,4,5,2,4,4,4,3,2,4,2,2,5,1,4,4,5
943,2,5,4,4,2,5,3,2,4,3,5,3,2,3,4,4,4,5,4,2,3,1,3,4,3,5,4,5,2,4,2,4,3,3,3,5,4,1,4,3,2,4,2,4
944,5,2,4,4,2,2,4,4,2,5,2,1,5,5,4,4,2,5,5,5,2,4,4,1,2,1,2,5,5,4,4,4,4,4,4,4,1,2,4,4,4,4,5,1
945,5,2,5,4,5,1,4,2,1,5,4,1,5,5,4,4,4,2,5,5,1,3,2,1,4,4,1,4,5,5,1,5,3,1,4,5,1,3,5,4,1,4,3,5
946,4,2,5,4,4,5,4,2,2,5,2,2,3,2,4,3,5,3,1,5,4,4,4,1,4,4,4,4,5,5,4,4,2,4,4,2,4,4,5,5,1,3,4,5
947,3,2,4,4,4,3,4,2,2,5,3,3,5,5,4,3,4,4,5,4,3,5,2,2,3,3,2,4,4,4,4,5,4,3,3,2,3,5,4,4,2,4,2,4
948,3,4,5,2,4,4,4,1,4,4,3,1,5,2,5,3,2,1,3,4,4,5,1,4,4,4,3,5,3,4,4,5,4,4,2,2,2,5,2,5,3,3,2,5
949,2,4,5,1,4,5,5,2,5,4,4,2,5,4,4,1,5,1,4,4,5,5,2,2,4,1,4,5,4,4,5,4,5,5,5,1,4,5,4,5,1,4,1,4
950,4,4,4,1,4,2,5,4,4,4,5,2,5,4,4,5,4,1,4,5,2,4,1,4,4,4,2,4,4,4,1,5,5,4,4,5,2,5,4,5,4,4,5,2
951,3,2,4,1,4,3,5,3,5,5,4,2,5,2,4,3,5,2,1,4,4,5,1,5,4,3,3,5,2,4,2,4,5,5,3,4,2,4,1,5,2,5,2,4
952,3,2,4,1,4,3,5,2,2,4,5,1,5,4,5,3,5,4,5,5,3,5,2,4,4,5,3,4,4,3,4,5,4,4,4,4,2,4,4,4,2,3,4,4
953,2,4,3,2,4,2,3,4,4,4,3,2,4,4,4,4,2,4,2,4,4,4,4,5,4,4,4,4,4,4,4,4,2,4,1,4,4,2,2,4,1,4,3,4
954,2,4,5,1,4,4,5,4,4,5,4,1,5,4,4,3,5,2,2,5,4,5,4,4,4,1,1,4,4,5,4,5,2,4,2,4,4,2,4,4,2,5,4,2
955,4,3,3,1,4,5,3,2,3,5,3,4,4,3,4,3,4,3,3,4,4,4,1,4,5,3,4,5,4,3,3,4,5,3,2,4,4,4,4,4,3,4,3,3
956,2,3,2,4,3,4,3,3,4,3,2,1,5,4,2,2,3,4,3,2,4,4,3,4,2,2,4,5,4,2,3,4,2,3,4,2,2,5,4,4,4,3,3,1
957,5,4,4,4,4,2,5,3,5,5,5,4,5,5,4,5,3,4,2,4,3,3,4,2,2,3,2,5,4,4,5,3,1,5,5,5,2,5,2,2,5,4,3,5
958,2,2,5,4,2,4,5,3,4,5,2,3,5,4,4,2,3,4,5,5,4,4,3,4,2,1,2,5,5,5,5,5,4,4,2,2,1,4,4,4,1,4,2,5
959,4,2,5,3,5,4,5,2,5,5,5,2,5,2,5,5,5,1,2,5,4,5,1,5,5,5,3,5,3,3,3,5,5,4,4,4,3,5,1,5,5,5,1,4
960,4,1,4,1,4,1,5,1,4,2,5,2,5,4,4,4,5,2,4,4,2,4,1,3,4,3,2,3,2,5,4,5,4,5,2,3,1,5,4,4,5,5,4,2
961,4,4,5,2,5,4,5,2,5,4,4,1,5,3,5,4,5,2,2,5,4,5,2,5,5,4,1,5,2,2,3,5,5,5,2,3,1,5,4,5,2,5,2,1
962,4,3,4,3,5,4,4,3,3,5,2,1,5,3,5,2,4,4,2,5,5,4,4,4,5,2,1,4,3,4,5,5,4,4,2,3,1,3,4,5,2,3,4,4
963,4,3,4,3,5,4,4,2,3,4,4,2,4,3,5,4,4,5,5,5,4,4,4,3,4,4,3,2,3,5,4,5,4,3,3,4,3,4,4,4,1,4,4,4
964,3,2,4,4,4,3,5,4,4,4,3,3,4,4,4,3,3,2,4,4,4,4,5,2,3,3,4,4,5,3,4,5,3,4,1,4,1,2,4,3,2,4,5,1
965,2,3,5,1,4,4,4,2,5,4,4,1,4,2,3,4,5,2,2,5,4,5,2,4,4,5,2,4,2,4,3,5,5,4,2,5,2,4,2,4,4,4,1,3
966,2,4,5,1,5,4,5,2,5,5,1,1,5,2,5,3,4,1,1,5,4,5,1,4,5,4,2,5,5,5,2,5,5,5,2,4,2,5,2,5,1,5,5,5
967,2,3,5,1,5,4,1,1,4,4,5,1,5,3,3,5,4,1,1,4,4,5,2,4,5,4,3,5,1,4,4,5,4,5,2,4,1,5,1,4,4,4,2,4
968,2,3,4,2,4,4,4,3,5,5,5,3,4,2,4,4,4,2,3,5,5,5,4,5,4,3,4,5,4,4,4,4,4,5,5,2,4,5,3,4,2,4,5,4
969,5,2,5,3,4,2,4,2,1,5,4,1,4,5,2,4,4,2,4,5,3,4,2,1,3,3,3,4,3,5,2,4,4,2,5,5,1,3,4,4,1,5,4,5
970,2,1,4,1,4,4,5,2,5,4,4,2,4,1,3,4,5,2,1,3,4,5,5,5,4,1,2,3,2,5,4,5,4,5,5,4,1,4,1,3,4,4,2,2
971,4,2,4,3,4,4,4,4,4,5,2,1,5,4,4,4,4,4,4,5,4,4,4,4,4,4,4,4,4,4,4,5,3,4,3,4,4,2,4,4,2,4,5,4
972,1,4,3,3,2,5,3,4,2,4,2,2,4,4,3,2,2,1,4,4,4,4,4,2,3,2,4,4,4,5,4,3,3,4,4,2,3,4,4,3,1,4,2,3
973,1,4,5,4,1,5,5,4,4,5,1,1,4,1,2,1,5,4,4,2,5,5,4,4,1,2,5,5,2,1,5,5,1,4,2,1,4,2,4,4,5,5,5,2
974,2,5,4,4,5,5,2,1,2,5,2,3,4,4,5,2,2,4,4,4,4,5,3,2,4,2,5,5,4,5,5,2,5,5,2,2,4,3,4,5,4,5,4,3
975,5,3,4,1,4,2,4,2,4,4,4,1,5,4,3,4,5,5,4,4,2,4,4,4,3,1,2,4,4,3,4,5,4,2,1,4,2,4,3,5,2,5,4,4
976,3,4,4,5,5,4,4,5,2,5,2,5,2,5,3,2,3,2,5,5,2,2,4,2,5,3,2,4,5,4,4,4,4,2,1,2,4,2,5,5,2,4,4,4
977,1,5,5,3,4,3,5,4,4,5,4,2,5,4,4,3,5,4,4,4,5,5,4,4,5,4,5,5,4,5,4,5,5,4,3,3,5,4,4,5,4,4,4,5
978,5,5,4,4,2,2,2,5,2,4,4,4,5,5,5,2,1,5,5,2,2,1,4,1,4,5,5,4,4,2,4,1,5,2,4,4,5,2,5,5,4,4,5,4
979,1,3,4,4,3,5,3,4,3,4,2,1,4,4,4,3,4,3,5,2,5,4,4,4,3,3,2,5,4,4,5,3,4,5,4,2,3,2,5,4,3,5,4,3
980,4,1,5,1,5,5,3,5,5,5,5,4,2,5,1,4,1,5,2,5,5,3,5,5,4,2,5,2,1,5,5,4,2,5,2,4,4,1,1,5,1,4,5,5
981,2,3,5,1,2,4,5,2,4,5,4,1,5,2,4,2,5,1,4,4,4,5,2,4,4,3,1,5,2,5,4,5,2,2,3,3,1,4,4,4,2,4,2,1
982,4,5,3,5,4,3,4,4,1,5,1,3,3,5,4,2,1,3,5,5,3,5,5,1,4,5,4,2,5,5,2,3,3,2,2,4,3,3,3,4,1,3,5,2
983,4,4,5,4,4,4,4,4,3,5,5,2,5,4,5,3,5,4,4,4,3,2,4,2,3,1,3,2,4,5,4,5,4,2,1,4,2,3,4,5,2,2,4,3
984,4,2,4,2,4,4,4,2,4,4,4,3,5,3,4,5,4,1,2,4,2,5,2,4,4,4,3,4,2,4,3,5,4,4,3,5,1,4,1,4,1,5,3,3
985,2,4,4,5,4,4,2,3,2,4,2,1,4,4,4,2,2,2,3,4,4,3,2,3,4,3,4,4,4,5,4,2,3,5,3,1,4,5,2,5,2,3,4,4
986,1,5,5,2,3,5,4,3,5,5,4,1,5,1,4,1,2,2,1,3,5,3,3,4,4,2,4,5,1,5,5,4,5,5,3,2,2,5,1,4,2,4,3,2
987,4,4,5,1,4,3,4,4,5,5,4,1,4,2,4,4,4,2,1,5,4,5,4,5,5,4,4,4,2,5,1,4,4,5,4,5,1,4,2,4,2,4,4,4
988,5,2,5,1,5,1,5,2,5,5,5,1,4,2,5,4,4,2,2,5,1,5,1,5,5,5,2,4,5,5,2,4,5,5,4,5,2,5,2,5,1,5,2,5
989,2,4,3,3,4,4,4,4,4,5,3,2,4,3,4,3,4,4,2,4,4,4,4,4,4,3,2,2,2,5,4,4,2,4,2,3,4,3,3,4,4,3,4,4
990,1,5,5,4,5,5,5,4,2,4,1,4,4,5,5,2,4,5,5,5,5,5,3,3,5,2,4,5,2,4,5,5,5,4,4,2,1,5,3,5,2,5,5,1
991,4,3,5,1,3,2,5,2,4,4,5,1,5,2,3,5,5,2,4,2,1,4,1,4,1,4,1,5,1,4,2,5,5,4,4,5,2,5,3,3,3,5,4,2
992,4,4,4,1,4,4,4,4,5,5,2,1,2,1,5,2,5,5,1,5,4,4,4,5,4,2,2,2,1,5,4,5,2,5,2,3,1,5,2,5,1,5,5,4
993,2,2,4,1,4,2,4,1,5,5,5,1,5,2,5,4,5,1,1,4,4,4,1,3,4,4,1,4,1,5,2,5,5,4,2,5,1,5,4,5,4,4,4,3
994,4,4,4,2,3,2,3,4,3,4,3,2,4,4,4,4,4,4,3,3,2,4,4,3,4,4,3,4,4,4,2,4,4,3,3,4,4,3,2,4,4,4,4,2
995,5,4,2,1,5,2,4,2,2,5,4,4,4,4,5,4,2,3,4,5,1,4,2,4,5,5,4,4,1,5,2,2,4,2,2,5,2,4,3,4,1,4,4,4
996,5,5,5,3,5,5,2,4,5,5,4,4,5,4,5,5,5,5,5,5,4,3,4,2,5,5,5,5,5,5,5,2,5,2,2,2,5,5,2,5,1,4,5,4
997,2,3,5,2,4,4,4,4,1,4,2,1,5,4,4,5,5,2,5,5,4,5,3,2,4,4,4,4,4,1,5,4,5,4,4,4,5,4,5,5,1,2,2,1
998,5,2,4,1,4,2,4,4,4,4,5,2,4,4,5,4,5,2,4,4,1,5,4,3,5,5,2,4,4,4,4,5,4,4,5,5,2,4,4,4,5,4,5,3
999,5,2,4,2,5,4,4,3,4,5,3,4,5,2,4,4,4,2,4,5,4,4,3,4,4,5,2,3,4,5,2,3,5,5,2,4,4,4,4,4,1,4,4,5
1000,4,3,4,3,3,3,4,3,2,4,4,3,4,4,4,4,5,2,5,3,3,5,3,4,3,4,3,4,4,4,4,5,4,3,4,4,3,5,4,4,4,5,4,1
1001,3,2,3,1,3,4,4,4,3,4,2,2,4,4,2,3,3,4,4,3,4,4,5,4,1,3,4,4,3,4,4,4,3,3,2,4,3,4,5,3,4,5,3,1
1002,5,1,4,1,4,4,5,2,3,4,5,1,5,2,3,5,4,1,4,5,2,5,1,3,4,2,1,5,2,5,2,5,4,4,3,5,1,5,4,4,2,5,4,3
1003,4,5,5,3,2,3,2,1,3,3,2,3,5,4,4,3,1,3,4,2,3,1,2,4,2,4,4,5,5,2,3,3,4,3,4,2,5,5,3,2,5,2,3,2
1004,4,4,4,1,4,3,4,2,5,5,4,2,5,3,4,4,2,2,3,4,2,3,2,4,4,4,2,4,2,5,2,4,5,4,2,4,2,4,3,4,2,4,2,4
1005,4,4,5,1,4,4,5,3,5,4,4,2,5,2,4,4,5,3,2,4,4,5,5,5,2,4,1,5,1,2,4,5,5,5,3,4,2,5,4,4,4,5,4,3
1006,3,2,5,2,4,4,5,2,4,5,5,2,5,4,3,5,5,1,4,5,4,5,1,4,5,1,2,5,2,5,4,5,5,4,3,4,2,3,5,5,2,4,3,4
1007,3,3,4,1,3,4,4,2,3,4,4,2,4,4,4,4,4,2,4,3,4,5,4,3,2,4,2,2,2,4,4,4,2,3,4,4,1,3,4,2,2,5,5,2
1008,4,4,5,1,4,4,5,1,5,5,4,1,5,4,5,3,5,1,5,4,4,4,1,4,4,5,1,5,1,5,4,4,5,5,5,4,2,5,5,5,2,5,1,4
1009,4,4,3,4,4,4,3,3,4,4,4,4,4,4,4,3,2,4,5,5,4,2,5,5,4,4,4,4,4,4,4,3,4,5,4,2,3,2,2,4,1,2,5,2
1010,5,2,5,1,5,4,5,2,4,5,5,3,4,3,5,5,5,3,4,4,4,5,4,4,4,5,5,5,2,5,4,4,5,4,3,5,3,5,3,5,5,1,3,4
1011,1,1,4,2,4,2,4,2,4,5,5,1,4,2,3,4,5,2,2,4,3,4,1,5,4,5,3,3,2,5,2,4,5,5,1,4,2,5,1,4,5,5,2,4
1012,1,4,2,3,4,4,2,3,3,3,4,4,3,2,4,4,1,4,4,2,4,2,3,2,3,4,3,5,2,4,2,2,4,2,5,2,3,4,2,2,3,4,2,4
1013,2,2,4,2,4,4,4,4,4,5,4,1,5,3,4,4,4,3,3,5,5,5,4,5,4,3,4,4,3,4,4,3,4,4,1,4,5,3,2,5,5,4,2,4
1014,5,1,5,1,5,1,5,1,5,5,5,1,5,2,5,5,5,1,1,5,5,5,1,5,5,3,5,5,1,5,4,5,5,5,3,5,1,5,1,5,5,5,1,5
1015,5,2,5,2,4,1,5,1,2,4,5,1,5,2,5,5,5,1,4,5,1,5,1,2,5,5,5,5,1,4,1,5,5,2,2,5,1,5,2,4,5,5,2,5
1016,4,3,4,2,4,3,4,4,3,4,3,2,4,3,3,3,4,2,1,4,3,4,3,3,4,3,2,4,2,4,2,4,3,3,3,4,4,4,2,4,4,4,3,3
1017,5,3,3,5,4,2,4,4,1,5,2,1,5,5,3,4,5,4,5,5,2,5,5,2,1,3,4,4,5,5,4,4,4,1,2,4,2,4,5,3,3,4,4,4
